Date,Total_Delay_Min,Delay_Count,Total_Precip_mm,Mean_Temp_C,Snow_On_Grnd_cm,DayOfWeek
2021-01-01,119,15,6.8,0.7,0.0,Friday
2021-01-02,182,20,10.8,0.7,0.0,Saturday
2021-01-03,39,10,1.7,1.1,0.0,Sunday
2021-01-04,178,19,0.0,0.8,0.0,Monday
2021-01-05,30,25,0.4,1.1,0.0,Tuesday
2021-01-06,39,14,0.0,0.9,0.0,Wednesday
2021-01-07,95,29,0.0,-2.0,0.0,Thursday
2021-01-08,59,23,0.0,-4.8,0.0,Friday
2021-01-09,62,28,0.0,0.8,0.0,Saturday
2021-01-10,237,19,0.0,0.1,0.0,Sunday
2021-01-11,76,28,0.0,-1.0,0.0,Monday
2021-01-12,12,13,0.3,-0.5,0.0,Tuesday
2021-01-13,62,26,0.0,1.5,0.0,Wednesday
2021-01-14,160,21,0.0,3.4,0.0,Thursday
2021-01-15,33,8,2.9,4.2,0.0,Friday
2021-01-16,22,9,0.0,2.3,0.0,Saturday
2021-01-17,31,17,0.2,2.3,0.0,Sunday
2021-01-18,124,26,0.0,-0.5,0.0,Monday
2021-01-19,56,16,0.0,0.0,0.0,Tuesday
2021-01-20,25,15,0.0,-4.0,0.0,Wednesday
2021-01-21,59,21,0.1,1.6,0.0,Thursday
2021-01-22,76,15,0.3,-1.9,0.0,Friday
2021-01-23,139,20,0.0,-7.3,0.0,Saturday
2021-01-24,85,16,0.0,-4.0,0.0,Sunday
2021-01-25,17,11,0.0,0.1,0.0,Monday
2021-01-26,48,23,8.7,-1.5,0.0,Tuesday
2021-01-27,38,18,0.0,-5.4,6.0,Wednesday
2021-01-28,182,28,0.0,-9.4,4.0,Thursday
2021-01-29,49,20,0.0,-9.4,4.0,Friday
2021-01-30,23,15,0.0,-6.3,4.0,Saturday
2021-01-31,30,14,0.0,-6.5,4.0,Sunday
2021-02-01,42,22,0.0,-5.8,4.0,Monday
2021-02-02,88,23,0.0,-3.9,3.0,Tuesday
2021-02-03,17,22,0.0,-2.5,3.0,Wednesday
2021-02-04,41,29,0.9,0.1,3.0,Thursday
2021-02-05,25,20,2.3,-1.7,2.0,Friday
2021-02-06,53,26,0.0,-6.6,2.0,Saturday
2021-02-07,22,11,0.8,-8.4,4.0,Sunday
2021-02-08,74,26,0.2,-8.7,3.0,Monday
2021-02-09,70,20,0.3,-5.6,4.0,Tuesday
2021-02-10,64,20,0.0,-7.2,3.0,Wednesday
2021-02-11,21,14,0.0,-6.3,3.0,Thursday
2021-02-12,15,16,0.3,-10.8,2.0,Friday
2021-02-13,62,17,1.6,-10.2,4.0,Saturday
2021-02-14,3,7,0.0,-7.1,8.0,Sunday
2021-02-15,52,16,5.4,-5.6,6.0,Monday
2021-02-16,65,27,5.5,-9.2,16.0,Tuesday
2021-02-17,57,32,0.0,-7.6,14.0,Wednesday
2021-02-18,56,21,3.7,-4.4,13.0,Thursday
2021-02-19,71,28,2.4,-3.6,19.0,Friday
2021-02-20,22,21,0.0,-4.1,20.0,Saturday
2021-02-21,28,14,0.0,-4.2,18.0,Sunday
2021-02-22,27,18,7.7,1.6,20.0,Monday
2021-02-23,46,20,0.5,2.7,16.0,Tuesday
2021-02-24,64,31,0.0,4.9,14.0,Wednesday
2021-02-25,70,26,0.0,-0.2,9.0,Thursday
2021-02-26,64,21,0.0,-0.3,8.0,Friday
2021-02-27,23,14,6.5,3.7,7.0,Saturday
2021-02-28,99,21,1.3,4.1,6.0,Sunday
2021-03-01,28,15,0.0,-1.5,1.0,Monday
2021-03-02,65,20,0.0,-5.9,1.0,Tuesday
2021-03-03,14,14,0.0,3.6,1.0,Wednesday
2021-03-04,82,15,0.0,-2.6,1.0,Thursday
2021-03-05,128,19,0.0,-3.6,0.0,Friday
2021-03-06,56,22,0.0,-3.8,0.0,Saturday
2021-03-07,92,17,0.0,-3.9,0.0,Sunday
2021-03-08,11,11,0.0,1.5,0.0,Monday
2021-03-09,41,17,0.0,6.0,0.0,Tuesday
2021-03-10,76,18,0.0,8.7,0.0,Wednesday
2021-03-11,33,28,2.1,12.8,0.0,Thursday
2021-03-12,53,17,0.0,4.6,0.0,Friday
2021-03-13,26,12,0.0,0.5,0.0,Saturday
2021-03-14,20,17,0.0,-0.5,0.0,Sunday
2021-03-15,32,15,0.0,-4.2,0.0,Monday
2021-03-16,72,20,0.0,0.8,0.0,Tuesday
2021-03-17,57,17,0.0,5.4,0.0,Wednesday
2021-03-18,90,16,0.4,3.5,0.0,Thursday
2021-03-19,80,19,0.0,-0.4,0.0,Friday
2021-03-20,99,23,0.0,6.3,0.0,Saturday
2021-03-21,29,19,0.0,8.9,0.0,Sunday
2021-03-22,85,28,0.0,9.8,0.0,Monday
2021-03-23,32,17,0.0,10.6,0.0,Tuesday
2021-03-24,34,22,0.8,11.4,0.0,Wednesday
2021-03-25,61,22,1.0,14.1,0.0,Thursday
2021-03-26,75,21,28.4,7.1,0.0,Friday
2021-03-27,40,14,0.0,5.8,0.0,Saturday
2021-03-28,61,11,9.5,6.5,0.0,Sunday
2021-03-29,67,23,0.0,3.7,0.0,Monday
2021-03-30,92,16,0.0,10.5,0.0,Tuesday
2021-03-31,62,19,0.0,7.9,0.0,Wednesday
2021-04-01,34,16,0.0,0.7,0.0,Thursday
2021-04-02,40,15,0.0,0.7,0.0,Friday
2021-04-03,33,19,0.3,3.5,0.0,Saturday
2021-04-04,61,18,0.0,6.9,0.0,Sunday
2021-04-05,47,17,0.0,9.8,0.0,Monday
2021-04-06,67,23,0.1,10.2,0.0,Tuesday
2021-04-07,36,20,0.0,11.8,0.0,Wednesday
2021-04-08,36,11,0.0,14.9,0.0,Thursday
2021-04-09,18,10,0.8,14.7,0.0,Friday
2021-04-10,14,11,0.0,15.2,0.0,Saturday
2021-04-11,190,26,16.3,13.3,0.0,Sunday
2021-04-12,163,19,7.0,8.8,0.0,Monday
2021-04-13,24,12,0.0,10.6,0.0,Tuesday
2021-04-14,24,23,0.4,10.4,0.0,Wednesday
2021-04-15,35,19,0.8,7.0,0.0,Thursday
2021-04-16,38,21,0.4,8.0,0.0,Friday
2021-04-17,22,14,0.0,8.0,0.0,Saturday
2021-04-18,60,23,0.0,8.9,0.0,Sunday
2021-04-19,54,21,0.7,10.6,0.0,Monday
2021-04-20,56,21,1.2,3.1,0.0,Tuesday
2021-04-21,50,25,4.0,1.5,0.0,Wednesday
2021-04-22,72,25,0.0,2.6,0.0,Thursday
2021-04-23,32,14,0.0,9.9,0.0,Friday
2021-04-24,48,12,0.0,12.3,0.0,Saturday
2021-04-25,77,12,0.8,7.2,0.0,Sunday
2021-04-26,56,19,1.4,4.2,0.0,Monday
2021-04-27,65,17,4.3,8.5,0.0,Tuesday
2021-04-28,68,20,7.0,12.5,0.0,Wednesday
2021-04-29,25,20,9.0,9.5,0.0,Thursday
2021-04-30,118,23,0.0,7.3,0.0,Friday
2021-05-01,82,11,0.0,7.4,0.0,Saturday
2021-05-02,54,16,0.1,13.0,0.0,Sunday
2021-05-03,61,23,2.4,10.5,0.0,Monday
2021-05-04,56,20,1.5,9.4,0.0,Tuesday
2021-05-05,29,19,0.0,9.6,0.0,Wednesday
2021-05-06,77,17,0.0,8.7,0.0,Thursday
2021-05-07,7,10,0.1,7.6,0.0,Friday
2021-05-08,32,20,0.5,9.4,0.0,Saturday
2021-05-09,47,15,0.0,8.2,0.0,Sunday
2021-05-10,66,20,0.0,9.4,0.0,Monday
2021-05-11,48,20,0.0,8.1,0.0,Tuesday
2021-05-12,64,16,0.0,12.2,0.0,Wednesday
2021-05-13,29,15,0.0,14.1,0.0,Thursday
2021-05-14,65,25,0.0,14.9,0.0,Friday
2021-05-15,40,18,0.0,15.7,0.0,Saturday
2021-05-16,45,19,0.0,17.2,0.0,Sunday
2021-05-17,97,28,0.0,17.4,0.0,Monday
2021-05-18,44,17,0.0,19.9,0.0,Tuesday
2021-05-19,115,23,0.0,21.7,0.0,Wednesday
2021-05-20,30,15,0.0,24.1,0.0,Thursday
2021-05-21,92,30,0.0,24.5,0.0,Friday
2021-05-22,11,10,0.2,24.2,0.0,Saturday
2021-05-23,44,17,0.0,20.4,0.0,Sunday
2021-05-24,51,24,0.0,16.9,0.0,Monday
2021-05-25,56,19,0.0,22.9,0.0,Tuesday
2021-05-26,23,22,2.4,18.7,0.0,Wednesday
2021-05-27,48,21,0.0,13.8,0.0,Thursday
2021-05-28,101,33,13.5,7.1,0.0,Friday
2021-05-29,34,13,0.0,10.3,0.0,Saturday
2021-05-30,22,11,0.0,13.5,0.0,Sunday
2021-05-31,63,29,0.0,15.0,0.0,Monday
2021-06-01,47,23,0.0,19.7,0.0,Tuesday
2021-06-02,10,13,5.5,19.2,0.0,Wednesday
2021-06-03,42,24,3.3,18.1,0.0,Thursday
2021-06-04,39,18,0.0,20.1,0.0,Friday
2021-06-05,83,26,0.0,25.1,0.0,Saturday
2021-06-06,119,18,0.0,24.7,0.0,Sunday
2021-06-07,80,23,0.0,24.4,0.0,Monday
2021-06-08,18,15,5.0,23.2,0.0,Tuesday
2021-06-09,12,17,0.0,24.7,0.0,Wednesday
2021-06-10,44,18,0.0,21.2,0.0,Thursday
2021-06-11,114,19,0.0,20.7,0.0,Friday
2021-06-12,42,18,0.0,21.3,0.0,Saturday
2021-06-13,3,14,4.3,21.8,0.0,Sunday
2021-06-14,42,23,2.5,19.2,0.0,Monday
2021-06-15,56,23,0.0,19.2,0.0,Tuesday
2021-06-16,24,19,0.0,17.4,0.0,Wednesday
2021-06-17,33,25,0.0,17.6,0.0,Thursday
2021-06-18,58,29,8.2,20.1,0.0,Friday
2021-06-19,32,16,3.2,23.9,0.0,Saturday
2021-06-20,35,22,0.0,21.1,0.0,Sunday
2021-06-21,175,19,5.4,20.8,0.0,Monday
2021-06-22,21,17,0.0,15.5,0.0,Tuesday
2021-06-23,27,20,0.0,16.8,0.0,Wednesday
2021-06-24,32,23,0.0,21.7,0.0,Thursday
2021-06-25,76,22,12.7,21.5,0.0,Friday
2021-06-26,20,10,4.6,22.3,0.0,Saturday
2021-06-27,37,12,0.0,24.9,0.0,Sunday
2021-06-28,41,30,0.0,27.2,0.0,Monday
2021-06-29,411,24,25.0,25.3,0.0,Tuesday
2021-06-30,32,18,0.1,24.4,0.0,Wednesday
2021-07-01,42,17,0.0,21.6,0.0,Thursday
2021-07-02,43,23,5.1,20.7,0.0,Friday
2021-07-03,27,15,0.0,20.0,0.0,Saturday
2021-07-04,56,12,0.0,20.7,0.0,Sunday
2021-07-05,94,26,0.1,24.1,0.0,Monday
2021-07-06,53,21,0.0,28.6,0.0,Tuesday
2021-07-07,54,25,5.6,20.7,0.0,Wednesday
2021-07-08,38,19,26.8,17.2,0.0,Thursday
2021-07-09,57,23,1.3,18.6,0.0,Friday
2021-07-10,12,15,0.0,19.5,0.0,Saturday
2021-07-11,74,16,0.9,19.5,0.0,Sunday
2021-07-12,90,19,0.0,21.9,0.0,Monday
2021-07-13,21,19,6.3,23.6,0.0,Tuesday
2021-07-14,92,22,0.0,24.5,0.0,Wednesday
2021-07-15,3,11,9.2,24.0,0.0,Thursday
2021-07-16,34,14,0.0,21.3,0.0,Friday
2021-07-17,84,23,4.3,20.3,0.0,Saturday
2021-07-18,3,12,0.0,24.3,0.0,Sunday
2021-07-19,14,15,0.0,25.2,0.0,Monday
2021-07-20,43,14,,,0.0,Tuesday
2021-07-21,70,21,0.0,21.0,0.0,Wednesday
2021-07-22,97,18,0.0,20.7,0.0,Thursday
2021-07-23,37,17,0.0,20.5,0.0,Friday
2021-07-24,30,20,21.1,20.7,0.0,Saturday
2021-07-25,73,19,0.0,24.3,0.0,Sunday
2021-07-26,39,14,0.0,24.1,0.0,Monday
2021-07-27,53,20,9.0,21.7,0.0,Tuesday
2021-07-28,65,19,0.0,21.2,0.0,Wednesday
2021-07-29,6,14,12.1,22.3,0.0,Thursday
2021-07-30,33,15,0.0,17.6,0.0,Friday
2021-07-31,67,24,0.1,16.8,0.0,Saturday
2021-08-01,64,21,0.3,18.9,0.0,Sunday
2021-08-02,24,14,0.0,19.3,0.0,Monday
2021-08-03,81,26,0.0,20.4,0.0,Tuesday
2021-08-04,42,16,0.0,22.0,0.0,Wednesday
2021-08-05,11,17,0.0,22.7,0.0,Thursday
2021-08-06,116,20,0.0,23.6,0.0,Friday
2021-08-07,115,25,1.1,24.1,0.0,Saturday
2021-08-08,108,22,0.0,24.1,0.0,Sunday
2021-08-09,22,18,0.0,27.0,0.0,Monday
2021-08-10,26,13,0.5,25.7,0.0,Tuesday
2021-08-11,24,18,0.6,27.2,0.0,Wednesday
2021-08-12,42,14,0.9,25.9,0.0,Thursday
2021-08-13,93,14,0.0,24.9,0.0,Friday
2021-08-14,33,20,0.0,21.6,0.0,Saturday
2021-08-15,18,11,0.0,19.2,0.0,Sunday
2021-08-16,33,13,0.0,20.5,0.0,Monday
2021-08-17,36,12,0.0,24.8,0.0,Tuesday
2021-08-18,59,15,0.8,24.4,0.0,Wednesday
2021-08-19,29,10,0.0,25.7,0.0,Thursday
2021-08-20,88,24,0.0,24.5,0.0,Friday
2021-08-21,15,14,0.0,26.2,0.0,Saturday
2021-08-22,279,12,0.0,25.8,0.0,Sunday
2021-08-23,40,15,0.0,27.2,0.0,Monday
2021-08-24,29,19,0.0,25.5,0.0,Tuesday
2021-08-25,58,15,0.0,26.5,0.0,Wednesday
2021-08-26,46,14,0.4,27.7,0.0,Thursday
2021-08-27,38,13,0.0,24.4,0.0,Friday
2021-08-28,68,16,4.4,23.6,0.0,Saturday
2021-08-29,90,23,2.6,26.4,0.0,Sunday
2021-08-30,87,29,0.0,25.1,0.0,Monday
2021-08-31,35,18,0.0,22.5,0.0,Tuesday
2021-09-01,50,26,0.0,21.2,0.0,Wednesday
2021-09-02,36,26,0.0,17.7,0.0,Thursday
2021-09-03,53,21,0.0,17.8,0.0,Friday
2021-09-04,20,13,2.9,19.5,0.0,Saturday
2021-09-05,52,12,2.3,23.0,0.0,Sunday
2021-09-06,28,14,3.5,19.2,0.0,Monday
2021-09-07,55,23,21.8,19.5,0.0,Tuesday
2021-09-08,43,24,19.0,21.4,0.0,Wednesday
2021-09-09,64,28,0.2,18.5,0.0,Thursday
2021-09-10,53,20,0.0,17.9,0.0,Friday
2021-09-11,24,18,0.0,19.8,0.0,Saturday
2021-09-12,36,16,2.3,19.9,0.0,Sunday
2021-09-13,16,20,0.0,17.9,0.0,Monday
2021-09-14,14,15,16.9,20.6,0.0,Tuesday
2021-09-15,47,20,0.0,19.7,0.0,Wednesday
2021-09-16,46,27,0.0,19.4,0.0,Thursday
2021-09-17,107,18,0.0,21.4,0.0,Friday
2021-09-18,45,24,0.0,19.7,0.0,Saturday
2021-09-19,54,23,0.0,17.6,0.0,Sunday
2021-09-20,38,12,0.0,19.0,0.0,Monday
2021-09-21,47,19,6.2,22.4,0.0,Tuesday
2021-09-22,55,23,49.9,16.5,0.0,Wednesday
2021-09-23,84,17,4.2,16.0,0.0,Thursday
2021-09-24,57,15,0.4,14.6,0.0,Friday
2021-09-25,34,15,3.4,16.0,0.0,Saturday
2021-09-26,45,18,3.3,14.7,0.0,Sunday
2021-09-27,66,28,2.3,19.5,0.0,Monday
2021-09-28,60,30,0.0,14.1,0.0,Tuesday
2021-09-29,72,23,0.0,15.6,0.0,Wednesday
2021-09-30,108,29,0.0,12.9,0.0,Thursday
2021-10-01,31,21,0.0,14.3,0.0,Friday
2021-10-02,78,15,0.1,19.0,0.0,Saturday
2021-10-03,34,17,22.8,17.4,0.0,Sunday
2021-10-04,212,23,4.2,15.4,0.0,Monday
2021-10-05,28,19,0.0,16.7,0.0,Tuesday
2021-10-06,32,16,0.0,16.5,0.0,Wednesday
2021-10-07,28,18,0.0,17.8,0.0,Thursday
2021-10-08,129,19,0.0,17.9,0.0,Friday
2021-10-09,17,18,7.1,18.7,0.0,Saturday
2021-10-10,35,14,8.4,18.6,0.0,Sunday
2021-10-11,27,13,0.0,19.6,0.0,Monday
2021-10-12,30,19,0.0,19.5,0.0,Tuesday
2021-10-13,67,16,0.0,18.8,0.0,Wednesday
2021-10-14,53,13,1.4,18.2,0.0,Thursday
2021-10-15,33,20,20.4,17.3,0.0,Friday
2021-10-16,54,18,1.8,12.9,0.0,Saturday
2021-10-17,53,16,0.2,12.3,0.0,Sunday
2021-10-18,19,11,0.0,9.9,0.0,Monday
2021-10-19,126,15,0.0,13.5,0.0,Tuesday
2021-10-20,58,17,0.8,15.0,0.0,Wednesday
2021-10-21,40,23,2.6,13.3,0.0,Thursday
2021-10-22,92,31,0.0,7.3,0.0,Friday
2021-10-23,51,17,0.0,7.3,0.0,Saturday
2021-10-24,94,18,1.8,9.2,0.0,Sunday
2021-10-25,57,24,18.8,7.4,0.0,Monday
2021-10-26,74,25,6.7,7.4,0.0,Tuesday
2021-10-27,66,19,0.0,12.8,0.0,Wednesday
2021-10-28,86,32,0.0,9.2,0.0,Thursday
2021-10-29,87,22,15.2,11.2,0.0,Friday
2021-10-30,69,28,18.6,9.2,0.0,Saturday
2021-10-31,60,24,0.0,11.7,0.0,Sunday
2021-11-01,91,24,,,0.0,Monday
2021-11-02,63,26,0.1,6.0,0.0,Tuesday
2021-11-03,28,16,0.0,4.6,0.0,Wednesday
2021-11-04,104,29,0.0,5.1,0.0,Thursday
2021-11-05,77,24,0.0,5.0,0.0,Friday
2021-11-06,13,14,0.0,6.8,0.0,Saturday
2021-11-07,70,18,0.0,10.3,0.0,Sunday
2021-11-08,19,20,0.0,11.6,0.0,Monday
2021-11-09,81,19,2.4,11.7,0.0,Tuesday
2021-11-10,122,27,0.0,8.7,0.0,Wednesday
2021-11-11,170,30,0.4,10.0,0.0,Thursday
2021-11-12,64,23,3.0,9.8,0.0,Friday
2021-11-13,65,19,0.0,5.9,0.0,Saturday
2021-11-14,68,23,9.4,3.8,0.0,Sunday
2021-11-15,110,29,0.7,3.6,0.0,Monday
2021-11-16,35,13,,,0.0,Tuesday
2021-11-17,44,16,0.9,9.8,0.0,Wednesday
2021-11-18,73,21,0.2,8.5,0.0,Thursday
2021-11-19,233,30,0.0,4.0,0.0,Friday
2021-11-20,74,27,0.3,4.2,0.0,Saturday
2021-11-21,82,29,3.4,5.6,0.0,Sunday
2021-11-22,146,31,0.0,2.0,0.0,Monday
2021-11-23,66,28,0.0,1.0,0.0,Tuesday
2021-11-24,74,16,0.3,3.5,0.0,Wednesday
2021-11-25,65,24,9.0,6.2,0.0,Thursday
2021-11-26,210,39,0.0,1.5,0.0,Friday
2021-11-27,57,20,0.0,-0.8,0.0,Saturday
2021-11-28,35,15,7.8,-1.4,0.0,Sunday
2021-11-29,77,28,1.3,-1.8,0.0,Monday
2021-11-30,37,24,1.6,0.8,0.0,Tuesday
2021-12-01,55,23,0.0,3.8,3.0,Wednesday
2021-12-02,66,19,0.7,6.7,0.0,Thursday
2021-12-03,49,29,0.0,1.5,1.0,Friday
2021-12-04,99,23,0.0,3.1,0.0,Saturday
2021-12-05,91,18,14.7,2.3,0.0,Sunday
2021-12-06,110,22,2.5,4.7,1.0,Monday
2021-12-07,114,28,0.0,-2.9,1.0,Tuesday
2021-12-08,283,32,2.0,-3.1,0.0,Wednesday
2021-12-09,114,27,1.6,-1.1,2.0,Thursday
2021-12-10,72,21,0.0,4.2,1.0,Friday
2021-12-11,38,23,16.4,9.3,1.0,Saturday
2021-12-12,47,23,0.3,4.0,0.0,Sunday
2021-12-13,15,15,0.0,6.8,0.0,Monday
2021-12-14,85,19,0.0,4.3,0.0,Tuesday
2021-12-15,35,19,1.0,8.1,0.0,Wednesday
2021-12-16,66,22,0.0,10.3,0.0,Thursday
2021-12-17,35,24,0.0,3.3,0.0,Friday
2021-12-18,65,23,8.2,-0.8,0.0,Saturday
2021-12-19,37,13,0.0,-3.9,7.0,Sunday
2021-12-20,64,27,0.0,-0.6,5.0,Monday
2021-12-21,41,24,0.0,2.5,4.0,Tuesday
2021-12-22,139,42,0.4,0.7,2.0,Wednesday
2021-12-23,51,30,4.1,-2.4,2.0,Thursday
2021-12-24,68,35,0.3,1.9,5.0,Friday
2021-12-25,46,24,4.8,5.4,5.0,Saturday
2021-12-26,203,22,0.0,-0.2,1.0,Sunday
2021-12-27,95,30,1.9,-2.0,1.0,Monday
2021-12-28,34,26,0.3,1.5,3.0,Tuesday
2021-12-29,30,24,0.1,2.0,1.0,Wednesday
2021-12-30,83,20,0.0,2.6,0.0,Thursday
2021-12-31,50,30,0.0,4.9,1.0,Friday
2022-01-01,43,28,2.4,1.5,1.0,Saturday
2022-01-02,21,24,2.0,-6.3,3.0,Sunday
2022-01-03,55,22,0.0,-8.4,3.0,Monday
2022-01-04,86,23,0.0,-1.2,3.0,Tuesday
2022-01-05,46,21,0.3,0.2,3.0,Wednesday
2022-01-06,50,31,0.0,-3.9,3.0,Thursday
2022-01-07,81,25,0.0,-8.1,1.0,Friday
2022-01-08,43,19,0.5,-5.4,1.0,Saturday
2022-01-09,83,15,0.2,-1.1,1.0,Sunday
2022-01-10,51,20,0.1,-11.8,1.0,Monday
2022-01-11,71,18,0.0,-10.8,0.0,Tuesday
2022-01-12,45,19,0.0,0.3,0.0,Wednesday
2022-01-13,42,14,0.0,0.6,0.0,Thursday
2022-01-14,76,31,0.0,-9.2,0.0,Friday
2022-01-15,22,23,0.0,-16.5,0.0,Saturday
2022-01-16,68,26,3.1,-6.6,0.0,Sunday
2022-01-17,470,32,36.2,-3.6,25.0,Monday
2022-01-18,76,23,0.8,-5.0,32.0,Tuesday
2022-01-19,104,32,0.0,-1.4,30.0,Wednesday
2022-01-20,81,23,0.0,-11.9,24.0,Thursday
2022-01-21,65,24,0.1,-13.3,23.0,Friday
2022-01-22,33,16,0.0,-8.1,22.0,Saturday
2022-01-23,43,15,0.1,-9.3,20.0,Sunday
2022-01-24,40,19,4.7,-9.2,20.0,Monday
2022-01-25,78,28,0.0,-8.9,24.0,Tuesday
2022-01-26,102,34,0.1,-11.3,24.0,Wednesday
2022-01-27,137,32,0.0,-6.0,20.0,Thursday
2022-01-28,133,31,0.0,-9.7,21.0,Friday
2022-01-29,78,20,0.0,-14.2,21.0,Saturday
2022-01-30,97,20,0.0,-8.2,21.0,Sunday
2022-01-31,55,29,0.0,-3.2,20.0,Monday
2022-02-01,76,24,0.0,1.4,20.0,Tuesday
2022-02-02,123,23,12.6,1.1,18.0,Wednesday
2022-02-03,37,22,3.5,-5.9,19.0,Thursday
2022-02-04,83,30,0.7,-10.3,21.0,Friday
2022-02-05,64,24,0.0,-10.0,21.0,Saturday
2022-02-06,59,21,0.0,-3.1,21.0,Sunday
2022-02-07,57,26,0.0,1.1,20.0,Monday
2022-02-08,47,20,0.0,-1.5,19.0,Tuesday
2022-02-09,30,21,0.0,1.4,18.0,Wednesday
2022-02-10,83,17,0.0,1.9,17.0,Thursday
2022-02-11,26,24,3.5,2.0,17.0,Friday
2022-02-12,159,22,0.6,-4.7,14.0,Saturday
2022-02-13,76,22,0.0,-12.0,14.0,Sunday
2022-02-14,53,20,0.0,-12.1,14.0,Monday
2022-02-15,55,23,0.0,-6.0,14.0,Tuesday
2022-02-16,31,24,0.2,3.0,14.0,Wednesday
2022-02-17,92,19,35.8,1.9,4.0,Thursday
2022-02-18,174,31,2.3,-6.6,17.0,Friday
2022-02-19,66,21,1.5,-5.2,16.0,Saturday
2022-02-20,83,24,0.0,-0.3,13.0,Sunday
2022-02-21,23,15,0.0,3.4,10.0,Monday
2022-02-22,8,13,9.4,4.4,6.0,Tuesday
2022-02-23,66,29,0.0,0.0,2.0,Wednesday
2022-02-24,42,25,0.0,-8.0,2.0,Thursday
2022-02-25,64,29,4.0,-7.4,4.0,Friday
2022-02-26,53,28,0.0,-6.0,6.0,Saturday
2022-02-27,89,27,0.0,-2.8,6.0,Sunday
2022-02-28,136,25,0.0,-6.9,5.0,Monday
2022-03-01,213,27,0.0,1.7,6.0,Tuesday
2022-03-02,133,34,0.5,-0.1,4.0,Wednesday
2022-03-03,94,27,0.0,-6.5,3.0,Thursday
2022-03-04,82,27,0.0,-3.3,3.0,Friday
2022-03-05,49,28,0.0,1.0,3.0,Saturday
2022-03-06,71,24,1.9,10.2,1.0,Sunday
2022-03-07,43,31,5.4,1.8,1.0,Monday
2022-03-08,53,26,0.0,0.9,1.0,Tuesday
2022-03-09,68,19,0.0,2.1,1.0,Wednesday
2022-03-10,79,25,0.0,1.4,1.0,Thursday
2022-03-11,215,36,4.1,-1.0,1.0,Friday
2022-03-12,110,28,0.2,-4.8,2.0,Saturday
2022-03-13,30,16,0.4,-4.0,2.0,Sunday
2022-03-14,227,22,0.0,2.3,2.0,Monday
2022-03-15,52,34,10.8,2.0,1.0,Tuesday
2022-03-16,57,17,0.0,1.9,1.0,Wednesday
2022-03-17,67,36,0.0,8.5,1.0,Thursday
2022-03-18,102,16,0.1,12.2,1.0,Friday
2022-03-19,50,22,6.3,6.7,0.0,Saturday
2022-03-20,39,15,0.7,7.6,0.0,Sunday
2022-03-21,111,21,0.0,8.2,0.0,Monday
2022-03-22,77,15,0.0,2.8,0.0,Tuesday
2022-03-23,317,31,19.5,2.6,0.0,Wednesday
2022-03-24,135,29,0.0,7.2,0.0,Thursday
2022-03-25,63,25,0.0,5.2,1.0,Friday
2022-03-26,78,29,1.7,3.9,1.0,Saturday
2022-03-27,91,26,1.0,-3.7,0.0,Sunday
2022-03-28,124,24,0.0,-7.4,0.0,Monday
2022-03-29,78,27,0.0,-2.1,1.0,Tuesday
2022-03-30,293,29,3.0,1.9,0.0,Wednesday
2022-03-31,61,29,0.3,10.4,0.0,Thursday
2022-04-01,53,24,1.7,1.9,0.0,Friday
2022-04-02,192,20,0.0,2.3,0.0,Saturday
2022-04-03,32,16,0.0,4.4,0.0,Sunday
2022-04-04,91,26,0.0,3.9,0.0,Monday
2022-04-05,79,25,0.5,7.5,0.0,Tuesday
2022-04-06,147,27,5.5,9.3,0.0,Wednesday
2022-04-07,87,27,1.6,9.6,0.0,Thursday
2022-04-08,107,23,1.0,6.7,0.0,Friday
2022-04-09,204,31,0.0,5.4,0.0,Saturday
2022-04-10,112,24,0.0,5.6,0.0,Sunday
2022-04-11,52,17,0.2,7.1,0.0,Monday
2022-04-12,68,28,0.0,11.4,0.0,Tuesday
2022-04-13,101,17,3.1,12.9,0.0,Wednesday
2022-04-14,17,20,0.1,11.2,0.0,Thursday
2022-04-15,23,18,0.8,9.0,0.0,Friday
2022-04-16,42,26,0.0,4.2,0.0,Saturday
2022-04-17,151,17,0.0,4.3,0.0,Sunday
2022-04-18,100,31,13.6,3.3,0.0,Monday
2022-04-19,115,24,0.9,4.7,0.0,Tuesday
2022-04-20,85,26,0.0,6.4,0.0,Wednesday
2022-04-21,93,32,4.3,10.8,0.0,Thursday
2022-04-22,64,20,0.0,8.2,0.0,Friday
2022-04-23,58,22,0.1,8.1,0.0,Saturday
2022-04-24,100,19,0.0,11.1,0.0,Sunday
2022-04-25,147,32,8.9,14.8,0.0,Monday
2022-04-26,80,23,2.5,7.2,0.0,Tuesday
2022-04-27,111,20,0.0,2.8,0.0,Wednesday
2022-04-28,54,21,0.0,5.2,0.0,Thursday
2022-04-29,80,33,0.0,7.1,0.0,Friday
2022-04-30,77,34,0.0,9.9,0.0,Saturday
2022-05-01,68,18,1.4,9.1,0.0,Sunday
2022-05-02,142,31,0.0,11.0,0.0,Monday
2022-05-03,34,18,12.8,10.9,0.0,Tuesday
2022-05-04,78,27,4.3,13.2,0.0,Wednesday
2022-05-05,48,25,0.0,11.3,0.0,Thursday
2022-05-06,48,17,0.0,12.8,0.0,Friday
2022-05-07,84,21,0.0,10.5,0.0,Saturday
2022-05-08,94,20,0.0,12.4,0.0,Sunday
2022-05-09,53,16,0.0,14.9,0.0,Monday
2022-05-10,57,24,0.0,16.0,0.0,Tuesday
2022-05-11,45,20,0.0,18.2,0.0,Wednesday
2022-05-12,112,16,0.0,19.2,0.0,Thursday
2022-05-13,96,26,0.0,20.6,0.0,Friday
2022-05-14,77,31,0.0,21.8,0.0,Saturday
2022-05-15,79,25,0.0,22.3,0.0,Sunday
2022-05-16,63,20,3.5,16.5,0.0,Monday
2022-05-17,88,19,0.0,12.8,0.0,Tuesday
2022-05-18,33,21,0.0,10.9,0.0,Wednesday
2022-05-19,85,28,1.3,14.7,0.0,Thursday
2022-05-20,214,28,0.0,17.6,0.0,Friday
2022-05-21,121,27,1.5,22.0,0.0,Saturday
2022-05-22,26,17,0.1,13.8,0.0,Sunday
2022-05-23,24,11,0.0,12.1,0.0,Monday
2022-05-24,46,18,0.0,13.8,0.0,Tuesday
2022-05-25,73,20,0.0,15.4,0.0,Wednesday
2022-05-26,85,26,0.2,20.1,0.0,Thursday
2022-05-27,75,24,3.2,19.2,0.0,Friday
2022-05-28,55,25,0.3,18.1,0.0,Saturday
2022-05-29,92,26,0.0,19.9,0.0,Sunday
2022-05-30,118,31,0.0,23.2,0.0,Monday
2022-05-31,79,22,0.0,25.7,0.0,Tuesday
2022-06-01,59,19,4.0,20.1,0.0,Wednesday
2022-06-02,90,20,0.0,16.5,0.0,Thursday
2022-06-03,175,24,0.0,17.1,0.0,Friday
2022-06-04,36,19,0.0,15.4,0.0,Saturday
2022-06-05,61,20,0.2,17.6,0.0,Sunday
2022-06-06,114,42,7.5,16.8,0.0,Monday
2022-06-07,101,32,31.7,17.0,0.0,Tuesday
2022-06-08,74,25,2.2,17.3,0.0,Wednesday
2022-06-09,55,20,5.6,18.1,0.0,Thursday
2022-06-10,123,29,0.0,18.3,0.0,Friday
2022-06-11,87,21,0.0,19.5,0.0,Saturday
2022-06-12,55,17,2.1,19.4,0.0,Sunday
2022-06-13,64,21,0.0,16.9,0.0,Monday
2022-06-14,19,23,0.0,20.8,0.0,Tuesday
2022-06-15,40,18,0.2,21.6,0.0,Wednesday
2022-06-16,73,31,0.0,25.7,0.0,Thursday
2022-06-17,329,27,0.0,20.6,0.0,Friday
2022-06-18,59,20,0.0,15.5,0.0,Saturday
2022-06-19,16,15,0.0,16.6,0.0,Sunday
2022-06-20,180,22,0.0,19.1,0.0,Monday
2022-06-21,95,29,0.0,23.6,0.0,Tuesday
2022-06-22,124,40,0.0,27.2,0.0,Wednesday
2022-06-23,129,27,0.0,22.5,0.0,Thursday
2022-06-24,91,22,0.0,21.5,0.0,Friday
2022-06-25,26,15,0.0,24.0,0.0,Saturday
2022-06-26,40,23,4.6,24.1,0.0,Sunday
2022-06-27,47,14,0.0,18.0,0.0,Monday
2022-06-28,24,16,0.0,17.3,0.0,Tuesday
2022-06-29,50,23,2.8,18.6,0.0,Wednesday
2022-06-30,42,18,0.0,20.4,0.0,Thursday
2022-07-01,87,20,0.3,24.2,0.0,Friday
2022-07-02,128,30,0.0,22.4,0.0,Saturday
2022-07-03,42,11,0.0,20.6,0.0,Sunday
2022-07-04,43,13,0.0,21.2,0.0,Monday
2022-07-05,32,18,5.4,22.7,0.0,Tuesday
2022-07-06,53,21,0.0,20.4,0.0,Wednesday
2022-07-07,88,23,0.0,21.1,0.0,Thursday
2022-07-08,42,17,0.0,22.5,0.0,Friday
2022-07-09,72,28,0.0,18.8,0.0,Saturday
2022-07-10,30,19,0.0,21.0,0.0,Sunday
2022-07-11,77,23,0.9,23.1,0.0,Monday
2022-07-12,66,20,1.8,23.5,0.0,Tuesday
2022-07-13,80,24,0.3,20.5,0.0,Wednesday
2022-07-14,57,29,0.0,21.0,0.0,Thursday
2022-07-15,7,19,0.0,21.3,0.0,Friday
2022-07-16,200,20,0.0,23.8,0.0,Saturday
2022-07-17,74,14,0.0,24.1,0.0,Sunday
2022-07-18,90,25,27.3,23.6,0.0,Monday
2022-07-19,104,25,0.0,27.6,0.0,Tuesday
2022-07-20,49,22,0.0,26.5,0.0,Wednesday
2022-07-21,36,17,0.0,26.6,0.0,Thursday
2022-07-22,17,13,0.0,25.6,0.0,Friday
2022-07-23,47,17,0.0,25.8,0.0,Saturday
2022-07-24,107,22,22.0,24.5,0.0,Sunday
2022-07-25,34,28,0.0,20.3,0.0,Monday
2022-07-26,439,27,0.0,19.9,0.0,Tuesday
2022-07-27,76,22,0.0,21.7,0.0,Wednesday
2022-07-28,71,18,0.8,24.5,0.0,Thursday
2022-07-29,83,20,0.0,22.6,0.0,Friday
2022-07-30,22,18,0.0,21.3,0.0,Saturday
2022-07-31,39,14,0.0,22.6,0.0,Sunday
2022-08-01,42,21,0.6,22.8,0.0,Monday
2022-08-02,24,19,0.0,22.3,0.0,Tuesday
2022-08-03,22,13,0.4,22.4,0.0,Wednesday
2022-08-04,24,19,16.1,24.3,0.0,Thursday
2022-08-05,72,25,0.0,25.2,0.0,Friday
2022-08-06,77,30,0.0,26.1,0.0,Saturday
2022-08-07,17,14,0.0,27.3,0.0,Sunday
2022-08-08,65,29,1.2,24.3,0.0,Monday
2022-08-09,63,21,0.0,20.7,0.0,Tuesday
2022-08-10,100,29,0.0,22.0,0.0,Wednesday
2022-08-11,46,23,0.0,21.6,0.0,Thursday
2022-08-12,150,28,0.0,20.9,0.0,Friday
2022-08-13,155,29,0.0,19.4,0.0,Saturday
2022-08-14,11,12,0.0,21.4,0.0,Sunday
2022-08-15,49,16,0.0,23.0,0.0,Monday
2022-08-16,100,22,0.0,23.5,0.0,Tuesday
2022-08-17,57,20,0.0,23.1,0.0,Wednesday
2022-08-18,44,18,0.0,24.0,0.0,Thursday
2022-08-19,168,34,0.4,23.2,0.0,Friday
2022-08-20,112,22,0.8,24.8,0.0,Saturday
2022-08-21,61,24,10.4,22.8,0.0,Sunday
2022-08-22,70,26,28.7,22.2,0.0,Monday
2022-08-23,36,12,0.0,24.3,0.0,Tuesday
2022-08-24,49,23,0.0,23.1,0.0,Wednesday
2022-08-25,31,15,2.7,21.7,0.0,Thursday
2022-08-26,41,29,0.0,22.0,0.0,Friday
2022-08-27,64,31,0.0,18.6,0.0,Saturday
2022-08-28,60,20,0.0,22.9,0.0,Sunday
2022-08-29,120,33,0.0,25.4,0.0,Monday
2022-08-30,126,16,3.2,22.1,0.0,Tuesday
2022-08-31,36,14,0.0,21.7,0.0,Wednesday
2022-09-01,89,24,0.0,17.3,0.0,Thursday
2022-09-02,68,19,0.0,21.8,0.0,Friday
2022-09-03,96,26,0.2,23.9,0.0,Saturday
2022-09-04,52,16,0.1,19.1,0.0,Sunday
2022-09-05,54,17,0.0,18.6,0.0,Monday
2022-09-06,85,31,0.0,19.3,0.0,Tuesday
2022-09-07,50,28,0.0,20.5,0.0,Wednesday
2022-09-08,82,26,0.0,21.1,0.0,Thursday
2022-09-09,80,30,0.0,21.9,0.0,Friday
2022-09-10,74,28,0.0,23.1,0.0,Saturday
2022-09-11,67,23,0.0,21.9,0.0,Sunday
2022-09-12,61,30,5.3,20.9,0.0,Monday
2022-09-13,122,33,0.4,17.4,0.0,Tuesday
2022-09-14,102,32,0.0,18.8,0.0,Wednesday
2022-09-15,85,30,0.0,14.4,0.0,Thursday
2022-09-16,20,18,0.0,17.6,0.0,Friday
2022-09-17,65,20,0.0,20.4,0.0,Saturday
2022-09-18,90,18,3.5,23.5,0.0,Sunday
2022-09-19,54,24,4.2,21.9,0.0,Monday
2022-09-20,51,20,0.0,21.0,0.0,Tuesday
2022-09-21,37,23,0.0,22.0,0.0,Wednesday
2022-09-22,79,28,0.0,13.7,0.0,Thursday
2022-09-23,38,19,0.0,11.5,0.0,Friday
2022-09-24,70,24,0.0,12.8,0.0,Saturday
2022-09-25,73,21,39.2,15.6,0.0,Sunday
2022-09-26,86,29,3.9,14.4,0.0,Monday
2022-09-27,97,26,4.0,14.7,0.0,Tuesday
2022-09-28,111,33,0.0,12.1,0.0,Wednesday
2022-09-29,62,29,0.0,11.8,0.0,Thursday
2022-09-30,185,28,0.0,12.6,0.0,Friday
2022-10-01,149,27,0.0,14.8,0.0,Saturday
2022-10-02,57,25,0.0,11.8,0.0,Sunday
2022-10-03,200,32,0.0,10.6,0.0,Monday
2022-10-04,56,27,0.0,12.8,0.0,Tuesday
2022-10-05,101,31,0.0,15.4,0.0,Wednesday
2022-10-06,82,23,0.2,17.6,0.0,Thursday
2022-10-07,47,29,0.3,9.8,0.0,Friday
2022-10-08,108,27,0.0,7.5,0.0,Saturday
2022-10-09,91,24,0.0,11.4,0.0,Sunday
2022-10-10,12,11,0.0,10.9,0.0,Monday
2022-10-11,83,36,0.0,14.1,0.0,Tuesday
2022-10-12,47,25,3.4,17.0,0.0,Wednesday
2022-10-13,129,34,11.0,11.6,0.0,Thursday
2022-10-14,37,26,0.5,10.5,0.0,Friday
2022-10-15,94,24,1.5,10.8,0.0,Saturday
2022-10-16,113,27,0.0,10.5,0.0,Sunday
2022-10-17,103,26,0.6,8.0,0.0,Monday
2022-10-18,44,25,2.0,5.7,0.0,Tuesday
2022-10-19,54,24,1.0,6.7,0.0,Wednesday
2022-10-20,63,19,0.0,4.9,0.0,Thursday
2022-10-21,70,30,0.0,8.9,0.0,Friday
2022-10-22,129,27,0.0,14.7,0.0,Saturday
2022-10-23,131,22,0.0,13.9,0.0,Sunday
2022-10-24,87,30,0.0,13.8,0.0,Monday
2022-10-25,83,25,0.0,14.5,0.0,Tuesday
2022-10-26,62,24,7.9,11.7,0.0,Wednesday
2022-10-27,92,28,,,0.0,Thursday
2022-10-28,108,37,0.0,7.1,0.0,Friday
2022-10-29,33,17,0.0,9.7,0.0,Saturday
2022-10-30,37,17,0.0,10.2,0.0,Sunday
2022-10-31,104,32,3.6,10.2,0.0,Monday
2022-11-01,86,20,4.9,14.5,0.0,Tuesday
2022-11-02,66,21,0.0,10.7,0.0,Wednesday
2022-11-03,38,20,0.0,9.3,0.0,Thursday
2022-11-04,42,21,0.0,13.7,0.0,Friday
2022-11-05,55,17,2.2,18.8,0.0,Saturday
2022-11-06,58,19,0.0,14.7,0.0,Sunday
2022-11-07,62,32,0.0,9.3,0.0,Monday
2022-11-08,230,32,0.0,7.1,0.0,Tuesday
2022-11-09,76,30,0.0,8.9,0.0,Wednesday
2022-11-10,52,22,0.0,13.5,0.0,Thursday
2022-11-11,20,23,8.3,13.5,0.0,Friday
2022-11-12,82,29,0.6,7.9,0.0,Saturday
2022-11-13,75,19,0.0,2.0,0.0,Sunday
2022-11-14,78,28,0.0,1.8,0.0,Monday
2022-11-15,226,42,17.6,0.6,0.0,Tuesday
2022-11-16,126,37,9.1,0.3,0.0,Wednesday
2022-11-17,115,31,0.1,0.1,0.0,Thursday
2022-11-18,76,28,0.0,0.6,0.0,Friday
2022-11-19,59,20,0.1,-2.0,0.0,Saturday
2022-11-20,90,30,0.2,-3.8,0.0,Sunday
2022-11-21,74,31,0.0,1.1,0.0,Monday
2022-11-22,135,21,0.0,2.7,0.0,Tuesday
2022-11-23,145,40,0.0,3.6,0.0,Wednesday
2022-11-24,57,21,0.0,4.7,0.0,Thursday
2022-11-25,36,21,0.9,6.0,0.0,Friday
2022-11-26,53,23,0.0,6.6,0.0,Saturday
2022-11-27,82,24,3.8,5.4,0.0,Sunday
2022-11-28,109,36,0.0,2.7,0.0,Monday
2022-11-29,301,35,0.0,4.2,0.0,Tuesday
2022-11-30,77,38,22.2,3.6,0.0,Wednesday
2022-12-01,86,25,0.0,-0.1,0.0,Thursday
2022-12-02,111,30,3.0,4.0,0.0,Friday
2022-12-03,23,16,5.4,5.4,0.0,Saturday
2022-12-04,38,19,0.0,0.3,0.0,Sunday
2022-12-05,145,28,0.0,4.2,0.0,Monday
2022-12-06,81,27,0.0,6.3,0.0,Tuesday
2022-12-07,76,33,0.0,7.1,0.0,Wednesday
2022-12-08,83,24,0.0,2.8,0.0,Thursday
2022-12-09,150,37,0.1,-0.2,0.0,Friday
2022-12-10,68,27,0.0,-2.4,0.0,Saturday
2022-12-11,63,20,4.4,-1.1,0.0,Sunday
2022-12-12,50,21,0.0,-3.2,3.0,Monday
2022-12-13,156,30,0.0,-2.6,3.0,Tuesday
2022-12-14,97,26,0.0,-2.3,3.0,Wednesday
2022-12-15,157,42,39.8,1.0,3.0,Thursday
2022-12-16,48,22,9.1,2.6,2.0,Friday
2022-12-17,96,38,0.0,0.3,0.0,Saturday
2022-12-18,223,26,0.0,-0.2,0.0,Sunday
2022-12-19,85,23,0.0,0.4,0.0,Monday
2022-12-20,81,38,0.0,0.0,0.0,Tuesday
2022-12-21,50,24,0.0,-0.7,0.0,Wednesday
2022-12-22,48,24,13.4,2.2,0.0,Thursday
2022-12-23,86,41,20.6,-4.7,0.0,Friday
2022-12-24,109,29,0.0,-11.1,1.0,Saturday
2022-12-25,39,19,0.0,-6.2,1.0,Sunday
2022-12-26,50,27,0.0,-6.2,0.0,Monday
2022-12-27,72,27,0.0,-2.8,0.0,Tuesday
2022-12-28,86,23,0.0,2.3,0.0,Wednesday
2022-12-29,41,22,0.0,6.9,0.0,Thursday
2022-12-30,106,22,9.6,10.4,0.0,Friday
2022-12-31,125,38,22.5,7.4,0.0,Saturday
2023-01-01,69,21,1.5,3.9,0.0,Sunday
2023-01-02,131,25,0.0,4.6,0.0,Monday
2023-01-03,52,19,3.3,3.6,0.0,Tuesday
2023-01-04,148,37,21.1,3.5,0.0,Wednesday
2023-01-05,23,16,0.2,4.0,0.0,Thursday
2023-01-06,26,20,0.0,4.0,0.0,Friday
2023-01-07,106,27,0.0,-0.5,0.0,Saturday
2023-01-08,92,21,0.0,-3.1,0.0,Sunday
2023-01-09,110,39,0.1,0.3,0.0,Monday
2023-01-10,45,23,0.0,-0.1,0.0,Tuesday
2023-01-11,40,22,0.1,-1.5,0.0,Wednesday
2023-01-12,128,35,6.0,2.4,0.0,Thursday
2023-01-13,60,35,2.5,-4.5,4.0,Friday
2023-01-14,81,18,0.0,-6.3,2.0,Saturday
2023-01-15,57,24,0.0,-4.7,2.0,Sunday
2023-01-16,89,31,0.1,-1.7,2.0,Monday
2023-01-17,78,24,4.0,3.5,0.0,Tuesday
2023-01-18,32,28,1.3,4.5,0.0,Wednesday
2023-01-19,30,27,4.8,2.7,0.0,Thursday
2023-01-20,39,26,1.7,1.5,0.0,Friday
2023-01-21,398,29,0.0,0.1,0.0,Saturday
2023-01-22,223,25,2.8,0.2,0.0,Sunday
2023-01-23,95,34,0.0,0.4,3.0,Monday
2023-01-24,66,32,0.0,1.2,0.0,Tuesday
2023-01-25,63,30,19.2,1.1,0.0,Wednesday
2023-01-26,68,27,1.9,-0.5,8.0,Thursday
2023-01-27,44,26,0.1,-0.1,8.0,Friday
2023-01-28,90,39,0.2,0.7,8.0,Saturday
2023-01-29,65,20,4.9,-2.2,8.0,Sunday
2023-01-30,49,26,0.0,-4.1,9.0,Monday
2023-01-31,138,39,0.0,-6.8,8.0,Tuesday
2023-02-01,40,28,0.0,-7.1,8.0,Wednesday
2023-02-02,111,31,0.0,-3.2,7.0,Thursday
2023-02-03,80,40,0.0,-14.9,7.0,Friday
2023-02-04,123,41,0.4,-10.1,8.0,Saturday
2023-02-05,112,24,0.0,2.6,9.0,Sunday
2023-02-06,145,57,0.0,0.5,6.0,Monday
2023-02-07,122,39,0.0,4.4,5.0,Tuesday
2023-02-08,159,50,0.0,5.0,1.0,Wednesday
2023-02-09,138,42,28.1,4.5,1.0,Thursday
2023-02-10,86,26,0.0,1.9,1.0,Friday
2023-02-11,98,30,0.0,-0.8,0.0,Saturday
2023-02-12,33,20,0.0,3.6,0.0,Sunday
2023-02-13,66,38,0.0,4.6,0.0,Monday
2023-02-14,41,35,0.0,4.0,0.0,Tuesday
2023-02-15,22,37,0.2,10.7,0.0,Wednesday
2023-02-16,57,49,4.7,3.2,0.0,Thursday
2023-02-17,97,28,5.7,-3.5,0.0,Friday
2023-02-18,17,19,0.0,-2.0,0.0,Saturday
2023-02-19,37,24,0.0,5.4,0.0,Sunday
2023-02-20,25,24,0.0,2.9,0.0,Monday
2023-02-21,22,33,0.2,3.1,0.0,Tuesday
2023-02-22,33,35,17.7,-3.5,0.0,Wednesday
2023-02-23,81,29,1.0,-4.1,12.0,Thursday
2023-02-24,168,33,0.0,-5.9,11.0,Friday
2023-02-25,46,35,0.9,-4.5,11.0,Saturday
2023-02-26,91,34,0.0,0.6,11.0,Sunday
2023-02-27,19,18,7.2,-2.3,7.0,Monday
2023-02-28,102,29,2.8,1.3,10.0,Tuesday
2023-03-01,67,34,0.0,1.6,8.0,Wednesday
2023-03-02,52,30,0.0,2.2,8.0,Thursday
2023-03-03,93,26,21.7,-0.3,6.0,Friday
2023-03-04,39,28,11.1,2.5,21.0,Saturday
2023-03-05,55,20,0.4,3.3,15.0,Sunday
2023-03-06,200,36,0.0,1.3,12.0,Monday
2023-03-07,33,25,0.0,0.0,11.0,Tuesday
2023-03-08,142,30,0.0,0.3,10.0,Wednesday
2023-03-09,88,42,0.0,1.1,9.0,Thursday
2023-03-10,78,37,9.0,-0.8,8.0,Friday
2023-03-11,289,35,0.3,-1.5,17.0,Saturday
2023-03-12,75,34,2.5,-1.3,14.0,Sunday
2023-03-13,223,35,0.5,-0.1,18.0,Monday
2023-03-14,102,29,0.0,-2.9,14.0,Tuesday
2023-03-15,92,42,0.0,0.7,13.0,Wednesday
2023-03-16,90,36,1.8,5.6,9.0,Thursday
2023-03-17,41,31,6.5,4.4,5.0,Friday
2023-03-18,53,27,0.4,-1.9,1.0,Saturday
2023-03-19,49,31,0.0,-2.8,0.0,Sunday
2023-03-20,93,27,0.0,2.9,0.0,Monday
2023-03-21,80,38,0.0,7.0,0.0,Tuesday
2023-03-22,67,35,0.0,4.8,0.0,Wednesday
2023-03-23,67,40,9.5,4.6,0.0,Thursday
2023-03-24,138,40,0.0,3.0,0.0,Friday
2023-03-25,96,31,23.8,5.7,0.0,Saturday
2023-03-26,91,33,0.0,6.8,0.0,Sunday
2023-03-27,143,50,1.0,4.6,0.0,Monday
2023-03-28,85,40,0.0,4.7,0.0,Tuesday
2023-03-29,172,50,2.1,3.0,0.0,Wednesday
2023-03-30,154,45,0.0,-0.4,0.0,Thursday
2023-03-31,88,43,10.0,3.0,0.0,Friday
2023-04-01,44,32,16.9,7.4,0.0,Saturday
2023-04-02,42,26,0.0,-0.4,0.0,Sunday
2023-04-03,46,31,0.0,8.2,0.0,Monday
2023-04-04,74,50,1.5,7.9,0.0,Tuesday
2023-04-05,131,37,26.0,7.6,0.0,Wednesday
2023-04-06,93,32,0.0,9.3,0.0,Thursday
2023-04-07,45,22,0.0,3.5,0.0,Friday
2023-04-08,96,26,0.0,2.3,0.0,Saturday
2023-04-09,20,19,0.0,5.8,0.0,Sunday
2023-04-10,49,29,0.0,10.9,0.0,Monday
2023-04-11,96,26,0.0,16.3,0.0,Tuesday
2023-04-12,45,33,0.0,20.2,0.0,Wednesday
2023-04-13,113,39,0.0,20.8,0.0,Thursday
2023-04-14,63,26,0.0,20.5,0.0,Friday
2023-04-15,69,30,0.0,19.2,0.0,Saturday
2023-04-16,55,26,6.0,16.1,0.0,Sunday
2023-04-17,180,31,0.6,6.9,0.0,Monday
2023-04-18,57,29,0.0,4.3,0.0,Tuesday
2023-04-19,141,42,0.0,5.3,0.0,Wednesday
2023-04-20,45,28,0.7,7.1,0.0,Thursday
2023-04-21,267,35,2.2,14.1,0.0,Friday
2023-04-22,121,35,16.9,9.7,0.0,Saturday
2023-04-23,30,21,0.0,7.3,0.0,Sunday
2023-04-24,84,37,2.2,6.1,0.0,Monday
2023-04-25,418,27,0.0,7.4,0.0,Tuesday
2023-04-26,81,32,0.0,5.8,0.0,Wednesday
2023-04-27,119,37,0.0,8.1,0.0,Thursday
2023-04-28,53,35,13.5,9.6,0.0,Friday
2023-04-29,86,33,6.8,8.2,0.0,Saturday
2023-04-30,49,29,12.2,9.2,0.0,Sunday
2023-05-01,182,38,1.3,8.4,0.0,Monday
2023-05-02,44,39,5.8,5.7,0.0,Tuesday
2023-05-03,122,44,5.1,6.7,0.0,Wednesday
2023-05-04,108,30,0.0,10.2,0.0,Thursday
2023-05-05,79,27,0.1,11.5,0.0,Friday
2023-05-06,55,23,0.0,12.9,0.0,Saturday
2023-05-07,103,35,11.1,13.6,0.0,Sunday
2023-05-08,47,29,0.0,14.4,0.0,Monday
2023-05-09,111,37,0.0,12.6,0.0,Tuesday
2023-05-10,85,23,0.0,13.6,0.0,Wednesday
2023-05-11,46,36,0.0,19.1,0.0,Thursday
2023-05-12,51,27,0.0,21.2,0.0,Friday
2023-05-13,85,35,0.0,18.4,0.0,Saturday
2023-05-14,149,36,0.0,13.2,0.0,Sunday
2023-05-15,58,29,0.0,16.5,0.0,Monday
2023-05-16,59,32,0.0,15.8,0.0,Tuesday
2023-05-17,44,29,0.0,6.5,0.0,Wednesday
2023-05-18,90,26,0.0,9.0,0.0,Thursday
2023-05-19,99,36,9.0,14.9,0.0,Friday
2023-05-20,62,20,15.5,14.6,0.0,Saturday
2023-05-21,36,24,0.0,17.5,0.0,Sunday
2023-05-22,23,18,0.0,13.9,0.0,Monday
2023-05-23,132,29,0.0,14.8,0.0,Tuesday
2023-05-24,53,34,0.0,11.9,0.0,Wednesday
2023-05-25,81,35,0.0,10.3,0.0,Thursday
2023-05-26,23,18,0.0,13.7,0.0,Friday
2023-05-27,74,28,0.0,17.8,0.0,Saturday
2023-05-28,39,31,0.0,19.3,0.0,Sunday
2023-05-29,32,15,0.0,20.7,0.0,Monday
2023-05-30,334,37,0.0,20.9,0.0,Tuesday
2023-05-31,30,31,0.0,23.5,0.0,Wednesday
2023-06-01,142,19,0.0,24.7,0.0,Thursday
2023-06-02,95,44,9.4,26.2,0.0,Friday
2023-06-03,119,33,0.0,19.6,0.0,Saturday
2023-06-04,70,17,0.0,16.7,0.0,Sunday
2023-06-05,89,30,0.0,18.3,0.0,Monday
2023-06-06,62,37,0.0,19.3,0.0,Tuesday
2023-06-07,149,35,0.0,17.2,0.0,Wednesday
2023-06-08,97,28,0.0,15.9,0.0,Thursday
2023-06-09,109,28,2.4,16.6,0.0,Friday
2023-06-10,41,29,0.0,20.0,0.0,Saturday
2023-06-11,39,30,7.0,19.1,0.0,Sunday
2023-06-12,68,28,50.1,15.8,0.0,Monday
2023-06-13,58,30,3.3,15.7,0.0,Tuesday
2023-06-14,63,27,1.3,15.9,0.0,Wednesday
2023-06-15,54,35,2.7,16.0,0.0,Thursday
2023-06-16,176,37,0.0,18.7,0.0,Friday
2023-06-17,0,16,0.0,19.6,0.0,Saturday
2023-06-18,73,19,0.0,19.8,0.0,Sunday
2023-06-19,25,30,0.0,20.3,0.0,Monday
2023-06-20,64,26,0.0,21.5,0.0,Tuesday
2023-06-21,98,39,0.0,22.5,0.0,Wednesday
2023-06-22,54,43,0.0,21.3,0.0,Thursday
2023-06-23,255,30,4.6,21.3,0.0,Friday
2023-06-24,68,34,0.1,24.0,0.0,Saturday
2023-06-25,103,39,8.8,23.9,0.0,Sunday
2023-06-26,145,39,7.5,21.7,0.0,Monday
2023-06-27,86,42,5.8,19.6,0.0,Tuesday
2023-06-28,202,35,0.0,19.5,0.0,Wednesday
2023-06-29,148,30,0.0,19.9,0.0,Thursday
2023-06-30,80,34,0.2,21.8,0.0,Friday
2023-07-01,59,26,0.4,24.0,0.0,Saturday
2023-07-02,18,26,0.9,22.2,0.0,Sunday
2023-07-03,57,32,2.2,22.4,0.0,Monday
2023-07-04,52,23,0.0,25.5,0.0,Tuesday
2023-07-05,87,30,0.0,26.9,0.0,Wednesday
2023-07-06,210,36,1.1,26.1,0.0,Thursday
2023-07-07,76,31,0.0,23.2,0.0,Friday
2023-07-08,89,33,0.2,20.3,0.0,Saturday
2023-07-09,69,30,0.0,21.4,0.0,Sunday
2023-07-10,64,24,0.0,22.6,0.0,Monday
2023-07-11,108,33,1.8,24.4,0.0,Tuesday
2023-07-12,138,37,0.0,20.2,0.0,Wednesday
2023-07-13,86,26,34.1,20.9,0.0,Thursday
2023-07-14,72,36,0.0,20.7,0.0,Friday
2023-07-15,84,34,8.8,22.1,0.0,Saturday
2023-07-16,14,23,1.1,23.6,0.0,Sunday
2023-07-17,55,23,0.0,23.2,0.0,Monday
2023-07-18,61,23,0.4,22.0,0.0,Tuesday
2023-07-19,44,23,0.0,20.8,0.0,Wednesday
2023-07-20,113,31,2.9,22.9,0.0,Thursday
2023-07-21,43,26,0.0,22.5,0.0,Friday
2023-07-22,50,28,0.0,23.1,0.0,Saturday
2023-07-23,12,25,1.2,22.4,0.0,Sunday
2023-07-24,360,33,7.3,22.4,0.0,Monday
2023-07-25,115,32,2.5,22.6,0.0,Tuesday
2023-07-26,91,32,6.2,24.7,0.0,Wednesday
2023-07-27,129,46,14.3,25.4,0.0,Thursday
2023-07-28,116,29,0.0,25.2,0.0,Friday
2023-07-29,159,41,12.8,20.9,0.0,Saturday
2023-07-30,29,23,0.0,19.5,0.0,Sunday
2023-07-31,60,25,0.0,20.6,0.0,Monday
2023-08-01,189,27,0.0,19.7,0.0,Tuesday
2023-08-02,145,42,0.1,20.3,0.0,Wednesday
2023-08-03,90,32,5.8,23.5,0.0,Thursday
2023-08-04,55,22,0.0,22.6,0.0,Friday
2023-08-05,159,26,0.0,21.3,0.0,Saturday
2023-08-06,53,24,3.8,20.1,0.0,Sunday
2023-08-07,97,28,5.9,22.2,0.0,Monday
2023-08-08,131,31,0.0,21.4,0.0,Tuesday
2023-08-09,58,31,0.0,22.8,0.0,Wednesday
2023-08-10,32,25,0.0,22.6,0.0,Thursday
2023-08-11,188,40,0.0,20.7,0.0,Friday
2023-08-12,68,37,1.7,24.6,0.0,Saturday
2023-08-13,76,23,0.0,21.7,0.0,Sunday
2023-08-14,51,30,0.0,20.0,0.0,Monday
2023-08-15,34,26,2.8,20.9,0.0,Tuesday
2023-08-16,71,27,0.0,22.4,0.0,Wednesday
2023-08-17,214,42,6.1,21.8,0.0,Thursday
2023-08-18,31,31,0.0,17.8,0.0,Friday
2023-08-19,43,31,0.0,19.7,0.0,Saturday
2023-08-20,30,12,0.0,21.9,0.0,Sunday
2023-08-21,40,34,0.0,21.5,0.0,Monday
2023-08-22,36,26,0.0,19.9,0.0,Tuesday
2023-08-23,77,39,2.4,18.3,0.0,Wednesday
2023-08-24,28,18,14.3,20.5,0.0,Thursday
2023-08-25,55,24,0.0,22.2,0.0,Friday
2023-08-26,23,22,0.6,20.0,0.0,Saturday
2023-08-27,52,28,0.0,17.8,0.0,Sunday
2023-08-28,29,24,0.0,19.0,0.0,Monday
2023-08-29,341,43,2.4,19.6,0.0,Tuesday
2023-08-30,30,30,0.0,17.0,0.0,Wednesday
2023-08-31,62,36,0.0,16.8,0.0,Thursday
2023-09-01,95,22,0.0,18.8,0.0,Friday
2023-09-02,38,24,0.0,21.2,0.0,Saturday
2023-09-03,81,24,0.0,23.2,0.0,Sunday
2023-09-04,29,19,0.0,26.9,0.0,Monday
2023-09-05,41,28,0.0,26.4,0.0,Tuesday
2023-09-06,46,31,0.0,26.7,0.0,Wednesday
2023-09-07,102,35,5.4,22.9,0.0,Thursday
2023-09-08,75,33,0.0,18.4,0.0,Friday
2023-09-09,68,26,0.0,18.7,0.0,Saturday
2023-09-10,27,20,0.0,20.7,0.0,Sunday
2023-09-11,46,19,0.0,20.5,0.0,Monday
2023-09-12,52,24,4.5,19.6,0.0,Tuesday
2023-09-13,101,56,0.0,15.9,0.0,Wednesday
2023-09-14,62,21,0.0,15.6,0.0,Thursday
2023-09-15,95,36,0.0,16.1,0.0,Friday
2023-09-16,180,47,0.0,17.7,0.0,Saturday
2023-09-17,108,33,0.9,19.2,0.0,Sunday
2023-09-18,87,34,0.0,18.0,0.0,Monday
2023-09-19,90,40,0.0,16.3,0.0,Tuesday
2023-09-20,55,36,0.0,14.5,0.0,Wednesday
2023-09-21,152,32,0.0,18.1,0.0,Thursday
2023-09-22,22,31,0.0,18.4,0.0,Friday
2023-09-23,68,25,0.0,17.7,0.0,Saturday
2023-09-24,122,27,0.0,17.8,0.0,Sunday
2023-09-25,177,35,0.0,19.8,0.0,Monday
2023-09-26,89,37,0.0,18.3,0.0,Tuesday
2023-09-27,96,42,0.0,17.5,0.0,Wednesday
2023-09-28,69,33,0.9,17.0,0.0,Thursday
2023-09-29,47,21,0.2,17.6,0.0,Friday
2023-09-30,178,38,0.0,19.1,0.0,Saturday
2023-10-01,54,24,0.0,19.9,0.0,Sunday
2023-10-02,83,29,0.0,21.1,0.0,Monday
2023-10-03,55,37,0.0,22.7,0.0,Tuesday
2023-10-04,37,26,0.0,22.6,0.0,Wednesday
2023-10-05,20,34,12.3,21.0,0.0,Thursday
2023-10-06,47,26,6.1,17.7,0.0,Friday
2023-10-07,87,38,0.0,12.5,0.0,Saturday
2023-10-08,86,31,1.5,9.5,0.0,Sunday
2023-10-09,61,28,0.0,9.3,0.0,Monday
2023-10-10,24,23,2.8,10.3,0.0,Tuesday
2023-10-11,43,37,0.0,11.0,0.0,Wednesday
2023-10-12,83,31,0.0,11.7,0.0,Thursday
2023-10-13,60,34,0.0,10.6,0.0,Friday
2023-10-14,55,29,0.0,11.5,0.0,Saturday
2023-10-15,98,24,0.0,9.6,0.0,Sunday
2023-10-16,21,21,0.0,10.5,0.0,Monday
2023-10-17,168,36,0.0,11.5,0.0,Tuesday
2023-10-18,76,21,0.0,11.8,0.0,Wednesday
2023-10-19,39,18,0.2,13.4,0.0,Thursday
2023-10-20,76,33,5.7,12.5,0.0,Friday
2023-10-21,87,45,0.0,9.4,0.0,Saturday
2023-10-22,139,26,0.0,7.3,0.0,Sunday
2023-10-23,56,28,0.0,7.1,0.0,Monday
2023-10-24,62,32,0.0,13.8,0.0,Tuesday
2023-10-25,70,34,1.1,17.2,0.0,Wednesday
2023-10-26,119,48,8.0,16.2,0.0,Thursday
2023-10-27,86,34,0.0,19.1,0.0,Friday
2023-10-28,94,36,0.0,12.7,0.0,Saturday
2023-10-29,172,40,1.9,5.8,0.0,Sunday
2023-10-30,80,49,2.2,4.4,0.0,Monday
2023-10-31,77,44,0.0,3.5,0.0,Tuesday
2023-11-01,98,42,0.0,2.8,0.0,Wednesday
2023-11-02,46,27,0.0,6.0,0.0,Thursday
2023-11-03,62,43,0.0,11.1,0.0,Friday
2023-11-04,43,23,2.0,9.8,0.0,Saturday
2023-11-05,89,21,0.0,7.2,0.0,Sunday
2023-11-06,83,37,4.7,10.3,0.0,Monday
2023-11-07,63,40,,,0.0,Tuesday
2023-11-08,90,37,15.3,1.7,0.0,Wednesday
2023-11-09,75,33,1.1,7.7,0.0,Thursday
2023-11-10,113,42,0.0,7.5,0.0,Friday
2023-11-11,22,24,0.0,3.2,0.0,Saturday
2023-11-12,96,35,0.0,2.5,0.0,Sunday
2023-11-13,65,34,0.0,9.0,0.0,Monday
2023-11-14,113,43,0.0,7.1,0.0,Tuesday
2023-11-15,118,38,0.0,8.5,0.0,Wednesday
2023-11-16,101,40,0.0,8.5,0.0,Thursday
2023-11-17,77,35,0.5,7.9,0.0,Friday
2023-11-18,30,34,0.0,4.5,0.0,Saturday
2023-11-19,42,26,0.0,3.2,0.0,Sunday
2023-11-20,98,43,0.0,-0.2,0.0,Monday
2023-11-21,76,53,16.6,4.2,0.0,Tuesday
2023-11-22,35,35,2.8,5.1,0.0,Wednesday
2023-11-23,46,26,0.0,4.1,0.0,Thursday
2023-11-24,35,22,0.0,-0.3,0.0,Friday
2023-11-25,38,28,0.0,0.9,0.0,Saturday
2023-11-26,67,37,9.1,4.2,0.0,Sunday
2023-11-27,66,34,0.0,0.8,0.0,Monday
2023-11-28,71,48,0.0,-1.9,0.0,Tuesday
2023-11-29,62,27,0.0,-1.3,0.0,Wednesday
2023-11-30,39,36,0.0,5.1,0.0,Thursday
2023-12-01,89,55,9.0,5.5,0.0,Friday
2023-12-02,81,33,2.8,3.2,0.0,Saturday
2023-12-03,66,29,2.1,2.6,0.0,Sunday
2023-12-04,23,27,0.0,2.8,0.0,Monday
2023-12-05,44,37,0.1,1.7,0.0,Tuesday
2023-12-06,149,46,0.0,-0.2,0.0,Wednesday
2023-12-07,51,29,3.9,3.0,1.0,Thursday
2023-12-08,91,38,0.0,5.9,1.0,Friday
2023-12-09,82,33,9.1,10.3,1.0,Saturday
2023-12-10,80,26,0.7,6.8,1.0,Sunday
2023-12-11,161,36,0.0,1.8,1.0,Monday
2023-12-12,114,35,0.0,2.7,1.0,Tuesday
2023-12-13,139,48,0.0,1.1,1.0,Wednesday
2023-12-14,25,24,0.0,1.9,1.0,Thursday
2023-12-15,24,17,0.0,8.5,1.0,Friday
2023-12-16,31,26,0.2,5.8,1.0,Saturday
2023-12-17,316,23,12.0,7.2,1.0,Sunday
2023-12-18,88,33,1.8,2.7,1.0,Monday
2023-12-19,82,34,0.3,-2.0,1.0,Tuesday
2023-12-20,51,39,0.0,1.7,1.0,Wednesday
2023-12-21,104,41,0.0,-0.3,1.0,Thursday
2023-12-22,19,28,0.0,-1.6,0.0,Friday
2023-12-23,35,34,7.5,2.8,0.0,Saturday
2023-12-24,89,30,0.0,4.5,0.0,Sunday
2023-12-25,77,34,0.0,5.3,0.0,Monday
2023-12-26,34,34,0.9,6.7,1.0,Tuesday
2023-12-27,74,37,16.4,7.8,1.0,Wednesday
2023-12-28,19,34,3.3,7.0,1.0,Thursday
2023-12-29,125,45,4.5,4.9,0.0,Friday
2023-12-30,62,34,0.0,1.2,0.0,Saturday
2023-12-31,170,51,2.3,0.3,0.0,Sunday
2024-01-01,89,29,0.1,-1.9,2.0,Monday
2024-01-02,187,44,0.0,0.0,0.0,Tuesday
2024-01-03,73,30,0.0,1.9,0.0,Wednesday
2024-01-04,91,49,0.0,-2.1,0.0,Thursday
2024-01-05,115,33,0.0,-0.9,0.0,Friday
2024-01-06,93,33,5.0,-0.7,0.0,Saturday
2024-01-07,85,25,0.1,-1.7,5.0,Sunday
2024-01-08,41,32,0.0,2.2,4.0,Monday
2024-01-09,84,41,31.2,3.8,1.0,Tuesday
2024-01-10,62,36,0.0,3.7,1.0,Wednesday
2024-01-11,44,28,3.3,1.7,1.0,Thursday
2024-01-12,60,33,11.8,1.9,1.0,Friday
2024-01-13,85,38,3.3,1.9,1.0,Saturday
2024-01-14,196,38,0.1,-6.8,0.0,Sunday
2024-01-15,53,37,0.0,-9.8,1.0,Monday
2024-01-16,105,41,0.9,-8.6,1.0,Tuesday
2024-01-17,66,32,0.0,-10.8,1.0,Wednesday
2024-01-18,103,36,0.0,-5.2,2.0,Thursday
2024-01-19,95,49,0.0,-9.4,1.0,Friday
2024-01-20,66,29,0.0,-10.5,2.0,Saturday
2024-01-21,61,30,0.0,-6.0,2.0,Sunday
2024-01-22,51,35,0.7,-3.0,2.0,Monday
2024-01-23,71,46,8.1,1.1,2.0,Tuesday
2024-01-24,147,44,7.2,1.9,2.0,Wednesday
2024-01-25,180,42,0.0,3.0,0.0,Thursday
2024-01-26,119,53,17.6,4.1,0.0,Friday
2024-01-27,82,36,0.0,2.8,0.0,Saturday
2024-01-28,115,37,0.2,2.7,0.0,Sunday
2024-01-29,188,52,0.0,1.8,0.0,Monday
2024-01-30,67,38,0.0,2.0,0.0,Tuesday
2024-01-31,188,56,0.0,4.0,0.0,Wednesday
2024-02-01,84,33,0.0,4.1,0.0,Thursday
2024-02-02,99,33,0.0,1.7,0.0,Friday
2024-02-03,135,30,0.0,0.2,0.0,Saturday
2024-02-04,75,21,0.0,0.5,0.0,Sunday
2024-02-05,65,33,0.0,1.3,0.0,Monday
2024-02-06,63,50,0.0,1.4,0.0,Tuesday
2024-02-07,25,36,0.0,2.5,0.0,Wednesday
2024-02-08,146,46,0.0,5.0,0.0,Thursday
2024-02-09,53,29,0.8,11.0,0.0,Friday
2024-02-10,82,33,0.0,7.6,0.0,Saturday
2024-02-11,150,39,0.0,2.9,0.0,Sunday
2024-02-12,97,36,0.0,1.8,0.0,Monday
2024-02-13,85,57,0.1,-0.2,0.0,Tuesday
2024-02-14,136,55,0.0,-3.4,0.0,Wednesday
2024-02-15,99,44,6.4,-1.2,0.0,Thursday
2024-02-16,127,39,0.0,-1.4,8.0,Friday
2024-02-17,110,35,0.1,-4.7,5.0,Saturday
2024-02-18,57,29,0.1,-2.4,4.0,Sunday
2024-02-19,30,23,0.0,-5.1,3.0,Monday
2024-02-20,149,42,0.0,-0.4,3.0,Tuesday
2024-02-21,92,43,0.0,5.3,0.0,Wednesday
2024-02-22,149,37,0.0,7.6,0.0,Thursday
2024-02-23,63,37,0.0,1.9,0.0,Friday
2024-02-24,86,35,0.0,-7.8,0.0,Saturday
2024-02-25,83,27,0.0,0.8,0.0,Sunday
2024-02-26,67,43,0.0,5.2,0.0,Monday
2024-02-27,73,39,17.9,8.2,0.0,Tuesday
2024-02-28,114,38,7.3,5.3,0.0,Wednesday
2024-02-29,225,51,0.0,-3.5,0.0,Thursday
2024-03-01,633,50,0.0,2.8,0.0,Friday
2024-03-02,25,16,0.3,6.1,0.0,Saturday
2024-03-03,90,27,0.0,6.4,0.0,Sunday
2024-03-04,116,45,0.0,9.6,0.0,Monday
2024-03-05,105,37,1.2,12.0,0.0,Tuesday
2024-03-06,117,51,0.1,6.6,0.0,Wednesday
2024-03-07,111,32,0.0,6.4,0.0,Thursday
2024-03-08,82,32,0.7,6.1,0.0,Friday
2024-03-09,110,35,13.8,6.5,0.0,Saturday
2024-03-10,27,28,0.1,1.7,0.0,Sunday
2024-03-11,70,27,0.0,3.8,0.0,Monday
2024-03-12,79,40,0.0,8.3,0.0,Tuesday
2024-03-13,63,33,0.0,13.5,0.0,Wednesday
2024-03-14,87,36,17.1,8.5,0.0,Thursday
2024-03-15,94,41,0.0,7.0,0.0,Friday
2024-03-16,139,49,1.8,5.2,0.0,Saturday
2024-03-17,103,36,0.0,3.6,0.0,Sunday
2024-03-18,49,45,0.2,0.9,0.0,Monday
2024-03-19,125,43,2.0,0.6,0.0,Tuesday
2024-03-20,157,49,0.9,-0.9,0.0,Wednesday
2024-03-21,172,61,0.0,-2.8,0.0,Thursday
2024-03-22,109,44,9.9,-3.9,0.0,Friday
2024-03-23,137,38,0.1,-1.9,10.0,Saturday
2024-03-24,116,41,0.0,-2.4,2.0,Sunday
2024-03-25,82,40,0.0,4.0,2.0,Monday
2024-03-26,92,41,4.7,7.6,2.0,Tuesday
2024-03-27,96,37,0.4,7.2,2.0,Wednesday
2024-03-28,96,49,0.0,5.3,2.0,Thursday
2024-03-29,68,28,0.0,4.4,2.0,Friday
2024-03-30,39,29,0.0,3.3,2.0,Saturday
2024-03-31,23,26,0.0,5.3,2.0,Sunday
2024-04-01,89,32,0.0,7.4,0.0,Monday
2024-04-02,80,45,7.6,6.5,0.0,Tuesday
2024-04-03,122,43,56.6,3.7,0.0,Wednesday
2024-04-04,156,68,2.7,2.5,0.0,Thursday
2024-04-05,46,36,0.0,4.1,0.0,Friday
2024-04-06,55,26,0.0,8.7,0.0,Saturday
2024-04-07,58,32,0.0,10.0,0.0,Sunday
2024-04-08,66,37,0.0,9.6,0.0,Monday
2024-04-09,141,55,0.0,11.7,0.0,Tuesday
2024-04-10,181,49,0.0,14.4,0.0,Wednesday
2024-04-11,70,42,26.5,11.2,0.0,Thursday
2024-04-12,152,50,13.4,9.2,0.0,Friday
2024-04-13,53,50,1.2,8.3,0.0,Saturday
2024-04-14,24,26,6.1,11.4,0.0,Sunday
2024-04-15,142,35,0.0,12.3,0.0,Monday
2024-04-16,83,50,0.0,11.6,0.0,Tuesday
2024-04-17,235,52,18.0,8.0,0.0,Wednesday
2024-04-18,124,55,0.0,10.6,0.0,Thursday
2024-04-19,82,41,1.4,11.2,0.0,Friday
2024-04-20,119,36,0.4,6.8,0.0,Saturday
2024-04-21,44,31,0.0,7.6,0.0,Sunday
2024-04-22,195,38,0.0,7.1,0.0,Monday
2024-04-23,156,41,1.2,11.6,0.0,Tuesday
2024-04-24,93,43,0.0,6.7,0.0,Wednesday
2024-04-25,75,32,0.0,4.5,0.0,Thursday
2024-04-26,304,34,0.0,7.6,0.0,Friday
2024-04-27,30,22,3.8,11.4,0.0,Saturday
2024-04-28,33,21,3.7,16.5,0.0,Sunday
2024-04-29,150,44,8.9,11.3,0.0,Monday
2024-04-30,89,54,1.8,12.4,0.0,Tuesday
2024-05-01,97,48,0.0,12.5,0.0,Wednesday
2024-05-02,72,49,0.0,15.6,0.0,Thursday
2024-05-03,97,46,2.4,13.9,0.0,Friday
2024-05-04,174,49,0.0,16.5,0.0,Saturday
2024-05-05,79,28,2.7,14.8,0.0,Sunday
2024-05-06,86,39,0.0,14.9,0.0,Monday
2024-05-07,99,38,6.9,14.3,0.0,Tuesday
2024-05-08,240,56,1.3,16.1,0.0,Wednesday
2024-05-09,94,47,0.0,12.9,0.0,Thursday
2024-05-10,87,28,0.0,14.3,0.0,Friday
2024-05-11,105,36,1.9,12.4,0.0,Saturday
2024-05-12,86,32,0.0,14.0,0.0,Sunday
2024-05-13,845,57,0.4,16.6,0.0,Monday
2024-05-14,85,54,0.2,17.9,0.0,Tuesday
2024-05-15,106,45,0.0,17.2,0.0,Wednesday
2024-05-16,147,39,0.0,17.2,0.0,Thursday
2024-05-17,102,40,3.5,17.5,0.0,Friday
2024-05-18,147,39,0.3,17.8,0.0,Saturday
2024-05-19,97,24,0.0,18.6,0.0,Sunday
2024-05-20,37,20,0.0,21.3,0.0,Monday
2024-05-21,57,34,0.0,24.3,0.0,Tuesday
2024-05-22,93,36,0.3,23.2,0.0,Wednesday
2024-05-23,213,40,0.0,21.0,0.0,Thursday
2024-05-24,84,43,0.0,20.9,0.0,Friday
2024-05-25,97,43,7.4,16.2,0.0,Saturday
2024-05-26,87,30,3.3,17.3,0.0,Sunday
2024-05-27,48,36,28.4,19.8,0.0,Monday
2024-05-28,95,45,2.9,16.9,0.0,Tuesday
2024-05-29,74,41,0.1,16.9,0.0,Wednesday
2024-05-30,100,32,0.0,15.0,0.0,Thursday
2024-05-31,148,47,0.0,16.0,0.0,Friday
2024-06-01,89,30,0.0,18.1,0.0,Saturday
2024-06-02,70,43,3.0,16.5,0.0,Sunday
2024-06-03,55,31,0.2,19.5,0.0,Monday
2024-06-04,106,32,0.0,21.6,0.0,Tuesday
2024-06-05,51,36,1.5,22.4,0.0,Wednesday
2024-06-06,102,40,1.1,21.9,0.0,Thursday
2024-06-07,97,36,6.5,16.9,0.0,Friday
2024-06-08,108,34,3.6,17.4,0.0,Saturday
2024-06-09,44,31,0.9,15.5,0.0,Sunday
2024-06-10,47,42,0.0,14.7,0.0,Monday
2024-06-11,80,28,0.0,14.3,0.0,Tuesday
2024-06-12,93,26,0.0,17.1,0.0,Wednesday
2024-06-13,35,25,1.8,22.3,0.0,Thursday
2024-06-14,194,32,0.0,20.0,0.0,Friday
2024-06-15,37,31,0.0,18.4,0.0,Saturday
2024-06-16,38,24,0.0,18.0,0.0,Sunday
2024-06-17,21,19,0.0,22.3,0.0,Monday
2024-06-18,59,35,10.0,26.3,0.0,Tuesday
2024-06-19,54,40,0.0,27.9,0.0,Wednesday
2024-06-20,83,45,25.8,25.9,0.0,Thursday
2024-06-21,43,26,2.4,22.4,0.0,Friday
2024-06-22,67,27,0.9,21.5,0.0,Saturday
2024-06-23,191,30,0.4,23.4,0.0,Sunday
2024-06-24,47,31,0.0,23.5,0.0,Monday
2024-06-25,92,46,0.0,21.8,0.0,Tuesday
2024-06-26,138,42,3.8,23.1,0.0,Wednesday
2024-06-27,72,43,0.0,18.7,0.0,Thursday
2024-06-28,58,27,0.1,17.5,0.0,Friday
2024-06-29,34,27,17.9,22.8,0.0,Saturday
2024-06-30,72,41,0.0,18.8,0.0,Sunday
2024-07-01,23,25,0.0,17.9,0.0,Monday
2024-07-02,28,26,0.0,19.5,0.0,Tuesday
2024-07-03,47,31,0.0,24.0,0.0,Wednesday
2024-07-04,78,33,0.0,24.9,0.0,Thursday
2024-07-05,72,24,1.2,24.2,0.0,Friday
2024-07-06,52,28,1.8,23.9,0.0,Saturday
2024-07-07,50,32,0.0,23.3,0.0,Sunday
2024-07-08,46,24,0.0,24.5,0.0,Monday
2024-07-09,144,34,0.0,25.1,0.0,Tuesday
2024-07-10,141,44,44.7,21.6,0.0,Wednesday
2024-07-11,113,34,1.4,22.4,0.0,Thursday
2024-07-12,91,34,6.2,23.5,0.0,Friday
2024-07-13,64,36,0.0,23.3,0.0,Saturday
2024-07-14,82,35,2.1,24.4,0.0,Sunday
2024-07-15,52,37,29.9,22.9,0.0,Monday
2024-07-16,129,45,83.6,24.1,0.0,Tuesday
2024-07-17,23,31,0.0,23.0,0.0,Wednesday
2024-07-18,168,35,0.0,19.3,0.0,Thursday
2024-07-19,55,28,0.0,19.1,0.0,Friday
2024-07-20,36,24,0.0,21.4,0.0,Saturday
2024-07-21,66,33,0.0,23.6,0.0,Sunday
2024-07-22,19,39,0.0,22.8,0.0,Monday
2024-07-23,101,36,,,0.0,Tuesday
2024-07-24,93,38,25.3,22.1,0.0,Wednesday
2024-07-25,120,45,0.0,21.0,0.0,Thursday
2024-07-26,71,32,0.0,21.2,0.0,Friday
2024-07-27,62,37,0.0,22.3,0.0,Saturday
2024-07-28,64,26,,,0.0,Sunday
2024-07-29,114,37,0.0,24.3,0.0,Monday
2024-07-30,80,43,0.0,25.9,0.0,Tuesday
2024-07-31,88,31,2.8,27.6,0.0,Wednesday
2024-08-01,99,37,0.1,26.3,0.0,Thursday
2024-08-02,99,50,0.0,26.0,0.0,Friday
2024-08-03,146,44,0.0,25.0,0.0,Saturday
2024-08-04,116,28,0.0,24.9,0.0,Sunday
2024-08-05,56,29,40.5,22.7,0.0,Monday
2024-08-06,162,38,1.3,19.4,0.0,Tuesday
2024-08-07,112,42,0.0,20.6,0.0,Wednesday
2024-08-08,68,42,0.0,22.1,0.0,Thursday
2024-08-09,232,49,6.1,23.0,0.0,Friday
2024-08-10,70,28,0.0,20.7,0.0,Saturday
2024-08-11,68,20,0.3,19.4,0.0,Sunday
2024-08-12,110,39,0.0,20.1,0.0,Monday
2024-08-13,88,45,0.0,21.4,0.0,Tuesday
2024-08-14,121,46,0.0,22.3,0.0,Wednesday
2024-08-15,61,38,0.0,22.8,0.0,Thursday
2024-08-16,140,39,3.8,22.4,0.0,Friday
2024-08-17,85,31,3.5,23.4,0.0,Saturday
2024-08-18,53,18,1.5,22.4,0.0,Sunday
2024-08-19,115,41,0.0,16.0,0.0,Monday
2024-08-20,78,33,0.0,16.5,0.0,Tuesday
2024-08-21,58,43,0.0,16.6,0.0,Wednesday
2024-08-22,131,43,0.0,18.4,0.0,Thursday
2024-08-23,170,47,0.0,19.9,0.0,Friday
2024-08-24,103,34,0.0,20.6,0.0,Saturday
2024-08-25,95,34,0.0,22.4,0.0,Sunday
2024-08-26,88,44,0.0,23.8,0.0,Monday
2024-08-27,76,45,0.0,26.7,0.0,Tuesday
2024-08-28,133,38,0.0,21.3,0.0,Wednesday
2024-08-29,61,37,0.0,19.7,0.0,Thursday
2024-08-30,88,37,3.3,22.2,0.0,Friday
2024-08-31,81,49,5.7,23.4,0.0,Saturday
2024-09-01,130,29,0.0,20.8,0.0,Sunday
2024-09-02,49,30,0.0,16.6,0.0,Monday
2024-09-03,65,42,0.0,17.0,0.0,Tuesday
2024-09-04,60,32,0.0,19.0,0.0,Wednesday
2024-09-05,117,40,0.0,20.7,0.0,Thursday
2024-09-06,63,32,4.1,18.4,0.0,Friday
2024-09-07,63,36,3.2,12.7,0.0,Saturday
2024-09-08,67,24,0.0,14.0,0.0,Sunday
2024-09-09,85,43,2.1,17.3,0.0,Monday
2024-09-10,75,32,,,0.0,Tuesday
2024-09-11,91,39,0.0,18.3,0.0,Wednesday
2024-09-12,114,38,0.0,19.6,0.0,Thursday
2024-09-13,98,46,0.0,20.3,0.0,Friday
2024-09-14,77,30,0.0,20.9,0.0,Saturday
2024-09-15,51,31,0.0,23.1,0.0,Sunday
2024-09-16,79,39,0.0,23.2,0.0,Monday
2024-09-17,160,44,0.0,21.5,0.0,Tuesday
2024-09-18,103,40,0.0,20.3,0.0,Wednesday
2024-09-19,187,41,0.0,21.4,0.0,Thursday
2024-09-20,185,40,0.0,20.6,0.0,Friday
2024-09-21,41,29,8.6,21.3,0.0,Saturday
2024-09-22,73,26,0.2,20.8,0.0,Sunday
2024-09-23,108,45,19.9,19.3,0.0,Monday
2024-09-24,65,45,16.0,18.3,0.0,Tuesday
2024-09-25,117,46,3.4,20.0,0.0,Wednesday
2024-09-26,85,40,0.0,20.8,0.0,Thursday
2024-09-27,140,50,0.0,18.7,0.0,Friday
2024-09-28,61,38,0.1,20.5,0.0,Saturday
2024-09-29,66,31,0.0,20.1,0.0,Sunday
2024-09-30,214,35,0.0,19.7,0.0,Monday
2024-10-01,87,36,5.4,16.9,0.0,Tuesday
2024-10-02,77,25,0.2,14.6,0.0,Wednesday
2024-10-03,79,39,0.0,16.2,0.0,Thursday
2024-10-04,88,33,0.3,17.0,0.0,Friday
2024-10-05,91,48,0.0,14.4,0.0,Saturday
2024-10-06,158,53,0.6,18.9,0.0,Sunday
2024-10-07,39,42,1.3,13.3,0.0,Monday
2024-10-08,96,43,3.0,10.8,0.0,Tuesday
2024-10-09,80,46,0.2,10.2,0.0,Wednesday
2024-10-10,179,48,0.0,9.6,0.0,Thursday
2024-10-11,114,52,0.0,14.1,0.0,Friday
2024-10-12,43,36,0.0,13.1,0.0,Saturday
2024-10-13,68,21,0.3,10.9,0.0,Sunday
2024-10-14,93,34,0.0,8.3,0.0,Monday
2024-10-15,124,37,0.0,7.4,0.0,Tuesday
2024-10-16,109,46,0.0,7.6,0.0,Wednesday
2024-10-17,61,35,0.0,8.6,0.0,Thursday
2024-10-18,106,47,0.0,11.3,0.0,Friday
2024-10-19,57,38,0.0,12.4,0.0,Saturday
2024-10-20,141,23,0.0,15.2,0.0,Sunday
2024-10-21,109,42,0.0,17.9,0.0,Monday
2024-10-22,107,31,0.0,17.9,0.0,Tuesday
2024-10-23,84,32,0.0,15.7,0.0,Wednesday
2024-10-24,97,32,0.0,9.4,0.0,Thursday
2024-10-25,68,42,0.1,9.6,0.0,Friday
2024-10-26,47,30,0.0,8.5,0.0,Saturday
2024-10-27,67,20,0.0,7.4,0.0,Sunday
2024-10-28,130,42,0.0,7.9,0.0,Monday
2024-10-29,105,42,9.9,11.3,0.0,Tuesday
2024-10-30,48,26,0.0,18.1,0.0,Wednesday
2024-10-31,110,46,0.3,18.3,0.0,Thursday
2024-11-01,137,52,0.0,10.5,0.0,Friday
2024-11-02,43,31,0.0,5.3,0.0,Saturday
2024-11-03,74,33,0.0,7.2,0.0,Sunday
2024-11-04,198,41,0.1,13.5,0.0,Monday
2024-11-05,47,30,0.0,19.1,0.0,Tuesday
2024-11-06,66,39,0.5,16.7,0.0,Wednesday
2024-11-07,92,38,0.0,11.6,0.0,Thursday
2024-11-08,57,35,0.0,9.2,0.0,Friday
2024-11-09,111,37,0.0,5.9,0.0,Saturday
2024-11-10,31,30,8.8,10.4,0.0,Sunday
2024-11-11,111,32,2.2,8.6,0.0,Monday
2024-11-12,146,49,0.0,4.5,0.0,Tuesday
2024-11-13,45,39,0.0,4.5,0.0,Wednesday
2024-11-14,82,35,1.6,8.0,0.0,Thursday
2024-11-15,100,36,0.0,7.7,0.0,Friday
2024-11-16,58,43,0.0,7.0,0.0,Saturday
2024-11-17,144,43,0.0,7.5,0.0,Sunday
2024-11-18,28,36,0.0,10.6,0.0,Monday
2024-11-19,83,32,0.9,8.6,0.0,Tuesday
2024-11-20,148,50,19.8,7.7,0.0,Wednesday
2024-11-21,112,35,0.7,4.6,0.0,Thursday
2024-11-22,96,38,1.3,6.3,0.0,Friday
2024-11-23,37,31,0.0,6.3,0.0,Saturday
2024-11-24,69,22,0.0,5.1,0.0,Sunday
2024-11-25,85,36,1.4,4.2,0.0,Monday
2024-11-26,61,38,5.4,5.6,0.0,Tuesday
2024-11-27,121,35,0.0,3.1,0.0,Wednesday
2024-11-28,107,47,0.2,4.2,0.0,Thursday
2024-11-29,187,40,0.0,0.5,0.0,Friday
2024-11-30,178,46,0.0,-1.0,0.0,Saturday
2024-12-01,58,32,0.0,-0.4,2.0,Sunday
2024-12-02,140,46,0.0,-0.1,2.0,Monday
2024-12-03,119,39,0.0,0.3,2.0,Tuesday
2024-12-04,200,49,3.6,0.8,2.0,Wednesday
2024-12-05,146,52,0.2,-1.7,2.0,Thursday
2024-12-06,121,41,0.0,-3.7,2.0,Friday
2024-12-07,104,34,2.1,1.6,0.0,Saturday
2024-12-08,132,26,0.0,5.7,0.0,Sunday
2024-12-09,128,45,3.2,2.3,0.0,Monday
2024-12-10,67,50,5.7,6.8,0.0,Tuesday
2024-12-11,102,35,0.4,3.4,0.0,Wednesday
2024-12-12,58,42,0.0,-3.6,0.0,Thursday
2024-12-13,131,42,0.0,-4.9,0.0,Friday
2024-12-14,167,36,0.0,-3.4,0.0,Saturday
2024-12-15,33,38,1.0,1.8,0.0,Sunday
2024-12-16,59,34,13.2,6.4,0.0,Monday
2024-12-17,117,27,0.0,6.6,0.0,Tuesday
2024-12-18,50,25,0.8,2.9,0.0,Wednesday
2024-12-19,176,54,0.0,-0.4,0.0,Thursday
2024-12-20,118,40,2.3,-3.5,0.0,Friday
2024-12-21,86,37,0.1,-10.0,3.0,Saturday
2024-12-22,59,36,0.0,-11.6,2.0,Sunday
2024-12-23,156,40,9.2,-2.8,3.0,Monday
2024-12-24,42,40,0.2,0.4,7.0,Tuesday
2024-12-25,65,24,0.1,-1.0,6.0,Wednesday
2024-12-26,36,37,0.0,-0.1,6.0,Thursday
2024-12-27,34,34,0.2,1.6,6.0,Friday
2024-12-28,34,39,0.9,6.5,1.0,Saturday
2024-12-29,343,36,23.2,8.1,1.0,Sunday
2024-12-30,91,55,2.3,5.9,1.0,Monday
2024-12-31,76,51,2.9,2.9,1.0,Tuesday
2025-01-01,64,28,0.7,2.3,1.0,Wednesday
2025-01-02,127,41,0.1,-0.4,1.0,Thursday
2025-01-03,185,38,0.0,-1.7,1.0,Friday
2025-01-04,16,16,0.0,-3.7,1.0,Saturday
2025-01-05,67,29,0.0,-2.6,1.0,Sunday
2025-01-06,99,40,0.0,-5.8,1.0,Monday
2025-01-07,85,42,0.0,-5.8,1.0,Tuesday
2025-01-08,98,29,0.0,-8.9,1.0,Wednesday
2025-01-09,70,37,0.0,-7.5,1.0,Thursday
2025-01-10,72,25,4.1,-5.5,1.0,Friday
2025-01-11,83,30,1.8,-1.8,6.0,Saturday
2025-01-12,78,27,0.4,0.3,3.0,Sunday
2025-01-13,90,42,0.2,-2.3,4.0,Monday
2025-01-14,90,45,0.0,-5.9,4.0,Tuesday
2025-01-15,69,29,0.0,-5.7,5.0,Wednesday
2025-01-16,90,41,1.1,-3.7,4.0,Thursday
2025-01-17,152,35,0.4,1.1,6.0,Friday
2025-01-18,51,30,3.3,-0.2,5.0,Saturday
2025-01-19,44,21,0.2,-7.3,1.0,Sunday
2025-01-20,189,48,0.0,-10.5,3.0,Monday
2025-01-21,88,38,0.0,-12.4,3.0,Tuesday
2025-01-22,159,51,0.3,-11.8,2.0,Wednesday
2025-01-23,109,34,0.0,-5.4,3.0,Thursday
2025-01-24,88,39,0.0,-6.1,3.0,Friday
2025-01-25,110,38,0.0,-3.7,3.0,Saturday
2025-01-26,40,16,0.1,-1.8,3.0,Sunday
2025-01-27,83,36,0.1,-1.1,3.0,Monday
2025-01-28,79,43,6.0,-4.2,4.0,Tuesday
2025-01-29,96,39,0.2,-2.8,10.0,Wednesday
2025-01-30,93,39,0.0,-3.6,9.0,Thursday
2025-01-31,140,44,0.0,-2.6,8.0,Friday
2025-02-01,92,32,0.0,-10.2,6.0,Saturday
2025-02-02,56,37,1.1,-5.8,6.0,Sunday
2025-02-03,109,60,2.6,-0.3,7.0,Monday
2025-02-04,34,30,0.0,-3.7,6.0,Tuesday
2025-02-05,70,33,0.0,-5.8,7.0,Wednesday
2025-02-06,105,49,3.1,-1.1,7.0,Thursday
2025-02-07,76,40,0.0,-3.8,9.0,Friday
2025-02-08,169,23,6.1,-3.8,9.0,Saturday
2025-02-09,11,12,1.9,-2.0,21.0,Sunday
2025-02-10,88,36,0.0,-4.7,17.0,Monday
2025-02-11,81,36,0.0,-4.5,16.0,Tuesday
2025-02-12,210,39,13.3,-5.7,14.0,Wednesday
2025-02-13,140,54,10.5,-3.7,34.0,Thursday
2025-02-14,182,55,0.0,-5.0,31.0,Friday
2025-02-15,55,34,9.0,-3.2,30.0,Saturday
2025-02-16,377,67,17.3,-6.0,39.0,Sunday
2025-02-17,99,48,0.0,-8.6,46.0,Monday
2025-02-18,169,51,0.0,-9.2,42.0,Tuesday
2025-02-19,143,56,0.0,-8.1,39.0,Wednesday
2025-02-20,126,44,0.1,-8.6,38.0,Thursday
2025-02-21,95,38,0.0,-8.3,37.0,Friday
2025-02-22,71,19,0.2,-3.3,36.0,Saturday
2025-02-23,106,32,0.0,-0.1,35.0,Sunday
2025-02-24,66,40,0.0,4.2,33.0,Monday
2025-02-25,177,40,0.6,5.5,29.0,Tuesday
2025-02-26,56,25,0.0,3.2,25.0,Wednesday
2025-02-27,155,45,4.6,2.8,24.0,Thursday
2025-02-28,71,35,0.5,1.1,22.0,Friday
2025-03-01,63,28,0.0,-3.1,21.0,Saturday
2025-03-02,52,12,0.0,-9.6,21.0,Sunday
2025-03-03,81,26,0.0,-1.4,21.0,Monday
2025-03-04,95,32,0.9,4.0,20.0,Tuesday
2025-03-05,273,65,14.4,5.4,16.0,Wednesday
2025-03-06,112,30,0.1,0.5,12.0,Thursday
2025-03-07,126,33,0.0,0.8,12.0,Friday
2025-03-08,101,33,0.0,-1.3,11.0,Saturday
2025-03-09,41,23,0.0,3.2,10.0,Sunday
2025-03-10,69,29,0.0,7.2,8.0,Monday
2025-03-11,112,32,0.0,6.3,5.0,Tuesday
2025-03-12,56,34,0.0,-0.5,5.0,Wednesday
2025-03-13,59,32,0.0,2.3,5.0,Thursday
2025-03-14,52,29,0.0,6.2,5.0,Friday
2025-03-15,61,30,2.3,11.5,5.0,Saturday
2025-03-16,121,28,9.4,8.9,5.0,Sunday
2025-03-17,237,43,0.0,1.7,5.0,Monday
2025-03-18,58,21,0.0,6.9,5.0,Tuesday
2025-03-19,74,31,0.0,13.2,5.0,Wednesday
2025-03-20,109,39,0.8,7.3,5.0,Thursday
2025-03-21,115,31,0.0,3.2,5.0,Friday
2025-03-22,61,32,0.2,1.7,5.0,Saturday
2025-03-23,66,31,3.4,-2.3,5.0,Sunday
2025-03-24,87,44,2.4,3.6,1.0,Monday
2025-03-25,41,31,0.0,2.7,1.0,Tuesday
2025-03-26,79,30,0.0,1.4,1.0,Wednesday
2025-03-27,175,32,0.0,3.7,1.0,Thursday
2025-03-28,102,37,2.2,2.6,1.0,Friday
2025-03-29,62,26,9.1,1.1,1.0,Saturday
2025-03-30,85,22,5.2,3.4,1.0,Sunday
2025-03-31,194,37,0.1,6.1,1.0,Monday
2025-04-01,94,39,0.3,1.9,0.0,Tuesday
2025-04-02,170,50,29.3,2.0,0.0,Wednesday
2025-04-03,192,37,11.5,13.1,0.0,Thursday
2025-04-04,89,38,0.0,6.3,0.0,Friday
2025-04-05,179,32,2.1,7.0,0.0,Saturday
2025-04-06,45,22,0.0,4.5,0.0,Sunday
2025-04-07,106,34,0.0,2.0,0.0,Monday
2025-04-08,69,50,0.9,-2.0,0.0,Tuesday
2025-04-09,66,34,0.0,0.4,0.0,Wednesday
2025-04-10,56,24,3.1,3.3,0.0,Thursday
2025-04-11,93,43,2.1,3.5,0.0,Friday
2025-04-12,110,30,0.0,6.9,0.0,Saturday
2025-04-13,43,28,0.0,8.8,0.0,Sunday
2025-04-14,137,35,0.2,11.4,0.0,Monday
2025-04-15,48,34,0.0,7.2,0.0,Tuesday
2025-04-16,161,34,,,0.0,Wednesday
2025-04-17,71,29,0.0,6.1,0.0,Thursday
2025-04-18,39,20,1.1,13.4,0.0,Friday
2025-04-19,167,31,0.0,13.7,0.0,Saturday
2025-04-20,9,17,0.0,6.2,0.0,Sunday
2025-04-21,169,44,1.9,8.4,0.0,Monday
2025-04-22,108,39,0.0,11.7,0.0,Tuesday
2025-04-23,49,31,0.0,11.1,0.0,Wednesday
2025-04-24,56,32,0.0,15.4,0.0,Thursday
2025-04-25,75,36,0.0,13.4,0.0,Friday
2025-04-26,13,23,0.4,9.4,0.0,Saturday
2025-04-27,35,22,0.0,12.8,0.0,Sunday
2025-04-28,84,42,0.0,13.8,0.0,Monday
2025-04-29,128,45,1.9,15.7,0.0,Tuesday
2025-04-30,71,30,0.0,7.2,0.0,Wednesday
2025-05-01,109,32,11.7,8.4,0.0,Thursday
2025-05-02,117,33,0.0,14.9,0.0,Friday
2025-05-03,42,25,0.1,9.1,0.0,Saturday
2025-05-04,68,32,0.0,11.6,0.0,Sunday
2025-05-05,102,33,2.0,14.8,0.0,Monday
2025-05-06,26,24,0.5,14.4,0.0,Tuesday
2025-05-07,94,35,,,0.0,Wednesday
2025-05-08,95,31,,,0.0,Thursday
2025-05-09,74,26,0.0,10.0,0.0,Friday
2025-05-10,94,35,0.0,13.9,0.0,Saturday
2025-05-11,50,39,0.0,10.4,0.0,Sunday
2025-05-12,124,50,0.0,16.6,0.0,Monday
2025-05-13,43,22,7.0,18.3,0.0,Tuesday
2025-05-14,310,45,1.4,16.9,0.0,Wednesday
2025-05-15,29,26,0.0,18.6,0.0,Thursday
2025-05-16,73,37,9.7,21.2,0.0,Friday
2025-05-17,48,33,1.5,17.0,0.0,Saturday
2025-05-18,30,20,0.0,13.8,0.0,Sunday
2025-05-19,37,23,0.2,11.4,0.0,Monday
2025-05-20,76,45,0.0,9.6,0.0,Tuesday
2025-05-21,94,42,24.3,8.9,0.0,Wednesday
2025-05-22,57,32,27.0,8.1,0.0,Thursday
2025-05-23,80,43,1.9,10.8,0.0,Friday
2025-05-24,75,35,0.3,12.8,0.0,Saturday
2025-05-25,8,16,5.4,12.5,0.0,Sunday
2025-05-26,90,32,0.0,13.8,0.0,Monday
2025-05-27,82,33,,,0.0,Tuesday
2025-05-28,99,35,4.8,14.4,0.0,Wednesday
2025-05-29,283,57,1.1,14.8,0.0,Thursday
2025-05-30,114,43,0.0,19.4,0.0,Friday
2025-05-31,66,26,,,0.0,Saturday
2025-06-01,16,21,0.0,12.1,0.0,Sunday
2025-06-02,106,31,0.0,14.2,0.0,Monday
2025-06-03,78,33,0.0,19.3,0.0,Tuesday
2025-06-04,123,44,5.8,22.9,0.0,Wednesday
2025-06-05,40,30,1.0,19.1,0.0,Thursday
2025-06-06,116,32,0.0,20.3,0.0,Friday
2025-06-07,74,28,0.0,21.8,0.0,Saturday
2025-06-08,40,15,0.3,18.6,0.0,Sunday
2025-06-09,69,28,0.9,18.4,0.0,Monday
2025-06-10,180,31,0.0,18.7,0.0,Tuesday
2025-06-11,119,29,0.0,21.0,0.0,Wednesday
2025-06-12,112,35,0.2,20.4,0.0,Thursday
2025-06-13,65,45,0.0,15.7,0.0,Friday
2025-06-14,121,30,0.0,17.8,0.0,Saturday
2025-06-15,83,29,0.0,19.0,0.0,Sunday
2025-06-16,32,33,0.0,19.5,0.0,Monday
2025-06-17,77,26,0.0,21.1,0.0,Tuesday
2025-06-18,44,41,9.0,23.2,0.0,Wednesday
2025-06-19,127,32,0.0,20.9,0.0,Thursday
2025-06-20,66,30,0.0,21.4,0.0,Friday
2025-06-21,81,35,0.0,22.1,0.0,Saturday
2025-06-22,127,29,0.0,28.5,0.0,Sunday
2025-06-23,120,44,0.0,28.0,0.0,Monday
2025-06-24,101,49,0.0,30.5,0.0,Tuesday
2025-06-25,100,37,0.0,25.9,0.0,Wednesday
2025-06-26,88,39,3.7,19.6,0.0,Thursday
2025-06-27,84,39,2.7,19.7,0.0,Friday
2025-06-28,120,26,0.2,22.4,0.0,Saturday
2025-06-29,39,20,0.0,21.1,0.0,Sunday
2025-06-30,58,28,5.7,22.1,0.0,Monday
2025-07-01,69,27,0.0,25.8,0.0,Tuesday
2025-07-02,77,27,0.0,23.8,0.0,Wednesday
2025-07-03,36,24,0.0,22.5,0.0,Thursday
2025-07-04,47,26,0.0,20.6,0.0,Friday
2025-07-05,99,28,0.7,24.7,0.0,Saturday
2025-07-06,18,23,0.0,27.7,0.0,Sunday
2025-07-07,46,33,0.0,25.7,0.0,Monday
2025-07-08,99,35,0.0,23.0,0.0,Tuesday
2025-07-09,78,46,2.9,22.9,0.0,Wednesday
2025-07-10,19,30,0.3,23.4,0.0,Thursday
2025-07-11,58,37,0.0,26.2,0.0,Friday
2025-07-12,57,31,0.0,27.6,0.0,Saturday
2025-07-13,30,22,6.8,26.5,0.0,Sunday
2025-07-14,42,34,0.0,26.0,0.0,Monday
2025-07-15,135,38,0.0,26.4,0.0,Tuesday
2025-07-16,155,45,0.0,27.1,0.0,Wednesday
2025-07-17,175,40,0.0,22.7,0.0,Thursday
2025-07-18,57,32,0.0,19.2,0.0,Friday
2025-07-19,88,36,0.0,21.8,0.0,Saturday
2025-07-20,141,22,31.5,23.7,0.0,Sunday
2025-07-21,96,42,0.0,20.4,0.0,Monday
2025-07-22,118,39,0.0,20.0,0.0,Tuesday
2025-07-23,70,25,0.0,22.2,0.0,Wednesday
2025-07-24,35,29,2.2,26.1,0.0,Thursday
2025-07-25,80,37,0.2,26.5,0.0,Friday
2025-07-26,109,31,3.8,25.5,0.0,Saturday
2025-07-27,39,21,0.1,28.1,0.0,Sunday
2025-07-28,75,26,0.0,26.7,0.0,Monday
2025-07-29,72,31,0.0,27.0,0.0,Tuesday
2025-07-30,45,62,0.0,25.3,0.0,Wednesday
2025-07-31,82,41,3.8,20.5,0.0,Thursday
2025-08-01,76,60,0.0,20.2,0.0,Friday
2025-08-02,70,47,0.0,20.9,0.0,Saturday
2025-08-03,45,37,0.0,22.4,0.0,Sunday
2025-08-04,36,32,0.0,22.9,0.0,Monday
2025-08-05,101,46,0.0,24.2,0.0,Tuesday
2025-08-06,59,38,0.0,24.3,0.0,Wednesday
2025-08-07,79,50,0.0,24.6,0.0,Thursday
2025-08-08,52,48,0.0,25.0,0.0,Friday
2025-08-09,124,60,0.0,26.9,0.0,Saturday
2025-08-10,121,58,0.0,27.1,0.0,Sunday
2025-08-11,91,52,0.0,27.6,0.0,Monday
2025-08-12,62,42,2.6,27.9,0.0,Tuesday
2025-08-13,190,41,5.6,25.4,0.0,Wednesday
2025-08-14,60,38,0.0,24.1,0.0,Thursday
2025-08-15,41,48,0.0,24.7,0.0,Friday
2025-08-16,108,50,0.0,25.6,0.0,Saturday
2025-08-17,208,48,16.0,22.4,0.0,Sunday
2025-08-18,73,39,0.0,18.1,0.0,Monday
2025-08-19,81,69,20.0,20.1,0.0,Tuesday
2025-08-20,36,22,0.2,19.4,0.0,Wednesday
2025-08-21,121,30,0.0,19.5,0.0,Thursday
2025-08-22,83,30,0.0,21.2,0.0,Friday
2025-08-23,39,61,0.1,22.6,0.0,Saturday
2025-08-24,54,39,3.4,20.4,0.0,Sunday
2025-08-25,71,28,0.9,17.9,0.0,Monday
2025-08-26,84,29,3.5,17.4,0.0,Tuesday
2025-08-27,73,35,0.0,17.7,0.0,Wednesday
2025-08-28,51,23,5.6,15.7,0.0,Thursday
2025-08-29,230,51,0.0,14.1,0.0,Friday
2025-08-30,52,29,0.0,16.1,0.0,Saturday
2025-08-31,46,29,0.0,17.6,0.0,Sunday
2025-09-01,33,21,0.0,18.7,0.0,Monday
2025-09-02,57,28,0.0,20.2,0.0,Tuesday
2025-09-03,40,29,0.8,20.3,0.0,Wednesday
2025-09-04,57,29,22.8,15.8,0.0,Thursday
2025-09-05,80,37,0.0,17.6,0.0,Friday
2025-09-06,57,28,0.0,16.4,0.0,Saturday
2025-09-07,58,26,0.0,15.2,0.0,Sunday
2025-09-08,34,29,0.0,14.1,0.0,Monday
2025-09-09,45,34,0.0,16.4,0.0,Tuesday
2025-09-10,106,35,0.0,19.3,0.0,Wednesday
2025-09-11,71,26,0.0,20.5,0.0,Thursday
2025-09-12,88,42,0.0,18.6,0.0,Friday
2025-09-13,46,23,0.1,19.9,0.0,Saturday
2025-09-14,49,22,0.0,20.4,0.0,Sunday
2025-09-15,53,33,0.0,19.8,0.0,Monday
2025-09-16,151,35,0.0,20.0,0.0,Tuesday
2025-09-17,27,28,0.0,19.8,0.0,Wednesday
2025-09-18,67,26,0.4,20.8,0.0,Thursday
2025-09-19,39,28,0.0,18.0,0.0,Friday
2025-09-20,37,23,0.0,14.9,0.0,Saturday
2025-09-21,47,25,18.3,19.2,0.0,Sunday
2025-09-22,47,32,6.5,20.9,0.0,Monday
2025-09-23,149,20,5.0,22.0,0.0,Tuesday
2025-09-24,110,30,10.5,19.8,0.0,Wednesday
2025-09-25,137,44,17.7,18.9,0.0,Thursday
2025-09-26,99,37,0.0,19.3,0.0,Friday
2025-09-27,103,23,0.0,20.0,0.0,Saturday
2025-09-28,55,23,0.0,19.4,0.0,Sunday
2025-09-29,70,25,0.0,18.8,0.0,Monday
2025-09-30,165,45,0.0,18.1,0.0,Tuesday
2025-10-01,162,44,0.0,14.1,0.0,Wednesday
2025-10-02,115,33,0.0,14.4,0.0,Thursday
2025-10-03,28,33,0.0,17.6,0.0,Friday
2025-10-04,35,26,0.0,20.9,0.0,Saturday
2025-10-05,80,26,0.0,21.8,0.0,Sunday
2025-10-06,65,27,0.0,21.8,0.0,Monday
2025-10-07,153,34,10.5,18.1,0.0,Tuesday
2025-10-08,99,44,0.0,11.5,0.0,Wednesday
2025-10-09,75,36,0.0,9.4,0.0,Thursday
2025-10-10,71,35,3.3,12.0,0.0,Friday
2025-10-11,57,25,0.0,15.4,0.0,Saturday
2025-10-12,35,17,0.2,14.9,0.0,Sunday
2025-10-13,58,23,0.0,15.4,0.0,Monday
2025-10-14,65,28,0.0,16.3,0.0,Tuesday
2025-10-15,85,33,0.0,11.3,0.0,Wednesday
2025-10-16,68,32,0.0,10.0,0.0,Thursday
2025-10-17,87,40,7.0,10.4,0.0,Friday
2025-10-18,87,28,0.0,16.5,0.0,Saturday
2025-10-19,71,29,11.6,18.0,0.0,Sunday
2025-10-20,69,36,4.4,11.8,0.0,Monday
2025-10-21,141,42,0.4,12.0,0.0,Tuesday
2025-10-22,23,25,,,0.0,Wednesday
2025-10-23,162,32,0.2,9.8,0.0,Thursday
2025-10-24,69,36,0.8,8.8,0.0,Friday
2025-10-25,36,30,0.0,8.7,0.0,Saturday
2025-10-26,46,23,0.0,6.1,0.0,Sunday
2025-10-27,157,43,0.0,6.7,0.0,Monday
2025-10-28,50,34,0.0,8.4,0.0,Tuesday
2025-10-29,125,36,0.0,8.3,0.0,Wednesday
2025-10-30,48,40,17.9,7.5,0.0,Thursday
2025-10-31,69,45,1.8,6.8,0.0,Friday
